Page,Betweenness Centrality
u153,0.33914047999831615
u8,0.2361838727526648
u150,0.2271330913156057
u66,0.22497055251270542
u149,0.2157953819078507
u358,0.06028683281190013
u242,0.055006793290308977
u147,0.053748151753445106
u136,0.038365864551507846
u141,0.0219849974447691
u356,0.02021590800407202
u145,0.019681636479937575
u148,0.01854400793718163
u142,0.015012228287838896
u742,0.014805918315261641
u146,0.012405984941540908
p348358,0.011521171182601785
u532,0.01148381618223865
p37,0.011439842407998498
u152,0.009491744405528987
u3,0.009206793635825071
u533,0.007623263579256468
p14,0.007451448943143974
p9,0.006930163780120125
u107,0.006635059297010119
p894,0.006352884908905875
p1080,0.005852739790191678
u355,0.005569005620612296
p1008,0.005501827812160133
p1936172,0.005086147824765275
u534,0.0049537765638697495
u144,0.004617720969379391
p521,0.004344722890986657
u467,0.004089708810300394
u154,0.0038570289232509472
p365569,0.0037781566307373226
p2344,0.0035622948857531446
p2582,0.003556522369938054
p1253,0.003543433039432638
u1249,0.0035252233274163667
p1023,0.0034046559097545602
u4334,0.0033466869486497787
u156,0.003344286626061624
p4709,0.0033162612162633553
p2063,0.0033116337931669293
p1668,0.0032992682983022464
u2705,0.0032776986782110515
p15,0.003238323605687436
u1571,0.003121979683502508
p1026,0.0031212169338660028
p1240,0.003073984738422481
p3414,0.002900751611491124
p1087,0.0028286677639095367
u634,0.0027989713772259613
p2211,0.002767838390545613
u151,0.00274703986106672
p69,0.002739843026887566
p203598,0.0025820151502742588
p982,0.0025775066733132084
p933,0.002499646814704736
p849,0.0024975350709211556
p2699,0.002444412549192794
p2957,0.0024230350751594846
p34,0.002414785998781071
p1021,0.0024104517663356383
p1251,0.002403244897889391
p414284,0.002402828308334193
p1190,0.002393848020680913
p584,0.002354732136830355
p1537,0.002333796310711424
u752,0.002325288499636906
p2340,0.0023016199999945763
p3218,0.0022937798800585973
p112,0.002280956440599154
p1485,0.0022807880385625114
p572,0.002255308478047822
p891,0.0022055179019054203
p3309,0.002199490812053703
p87,0.002195023688381022
p1594,0.002176884443855081
p97,0.002125570894086937
p955,0.002125128900814096
u775,0.002123261918325789
p82,0.0021199577939370155
p2095,0.0021013325904681445
p56,0.0020974166360039114
p1348,0.002081780944717032
p590,0.002079105807128753
p1277,0.0020765884334684515
p258,0.002074074750951578
p3107,0.0020496694290499822
p1305,0.002042694151011097
p171,0.002031812754269706
u139,0.0019932963811366456
p2584,0.001989064028103313
p860,0.001966757457964971
p1031,0.0019658092062590413
p1235,0.001939606989456726
p1356,0.0019366304088080926
p2958,0.0019318207450383215
p425,0.001925288233533354
p1014,0.0019189141319821614
p101,0.0019016111012166552
u738,0.0018930752834643717
p2562,0.001879588683141297
u740,0.0018605657564181256
u633,0.0018597033229857424
p2104,0.0018465053149731114
p819,0.0018355608620920264
p583,0.0017898908255533103
p1223,0.001786342130395272
p1067,0.001780987106606269
p578,0.0017778617868502479
p2441,0.0017731261465201104
p969,0.001757770002499908
p2294,0.0017544340175420872
p116,0.0017500602242219439
p2420,0.001739835172226541
p981,0.0017245586387775
p1162,0.0017208665907294436
p932,0.0017084754856120962
p168,0.0016943085440232232
u1080,0.0016770679003934121
p904,0.0016738442230150533
p1312,0.0016735060746608415
p892,0.0016691603870118287
p2953,0.0016668751499302786
p161,0.0016643876956800383
p1022,0.00164940771647149
u4,0.0016349187450892145
p1306,0.0015996802409258518
u2,0.001598257009398881
p1906,0.0015887144617163854
p3130,0.0015880449642585272
p254,0.001572712793175618
p1207,0.001571600458346703
p2960,0.0015603657028047109
p558,0.0015518810371638297
p1106,0.0015458489820476013
p852,0.001539387090626848
p1816,0.0015357962070342503
p1843,0.0015282609164343358
p1231,0.0015238093174820579
p983,0.001507951750909604
u1315,0.0014961980845633323
u741,0.0014943659919304077
u3063,0.001491473199661887
u4380,0.0014885839613668292
p1315,0.0014579962062611657
p41,0.0014423300632405859
p32,0.0014409946787666199
p104,0.0014330278209011282
p1677,0.0014312914768644144
p914,0.0014302254624702288
p4565,0.0014204394143784637
p253,0.001419792620817934
p1280,0.0014196539650975512
p985,0.0014055874714385215
u939,0.0013995349494013442
p895,0.0013981848383309706
p1442,0.0013969889608981573
p3145,0.001394047689457804
p215,0.0013803860756537061
p2400,0.001359157115974792
p913,0.0013444120966307046
p1175,0.001325073002966538
p986,0.0013139983880194198
p1757,0.0013137747533779548
p275,0.0013134020029668396
p2615,0.0013134020029668396
p3108,0.0013132198237169885
p4554,0.0013132198237169885
p1362,0.0013085138141615375
p1931,0.0013028323829781564
p2346,0.0012977466690398843
p95,0.0012971925622248107
p3431,0.0012952216942104548
u681,0.0012949377420046063
p204,0.0012946712303191824
p2404,0.0012841475732396702
p4674,0.0012841475732396702
p1373,0.0012729982513762321
p68,0.0012707614378543895
p802,0.0012702854309965307
p2419,0.0012339426823598752
p4869,0.001226598624668533
p409,0.001222280679560903
p1402,0.001221086021713319
u2928,0.0012156843414190357
u718,0.0012113628930604896
p2446,0.0012093743921277338
p739,0.0012087120033665794
p800,0.0012087120033665794
p1810,0.0012087120033665794
p1817,0.0012087120033665794
p1876,0.0012087120033665794
p1034,0.0012086565955713384
u821,0.0012062129911732519
p3038,0.0012009066399473703
p257,0.0011918955034715799
p2097,0.0011853032028184567
p1208,0.0011835555628772233
p2765,0.0011833169130119386
p2137,0.0011829052514003141
p1427,0.0011776572677115423
p2480,0.0011679974952968726
p3024,0.0011663323645803964
p2712,0.001163362702937862
p898,0.0011532051535597641
p1242,0.0011527204617666834
p2187,0.0011457109074640597
p532,0.0011354016443409132
u2946,0.0011320437938077078
p2659,0.0011305236381217553
p3817,0.0011305236381217553
p3819,0.0011305236381217553
p1442765,0.001126223251062671
p925,0.0011258330203651641
u546,0.001125147500156004
p23,0.0011245658052946477
p919,0.0011219945712183722
p2213,0.0011212281024411807
p574,0.0011207449696022628
p3196,0.0011152338648013416
p3266,0.0011152338648013416
p4545,0.0011152338648013416
p1403,0.0011138469753828055
p1879,0.001106167548655494
p1842,0.0010941649948593857
p3366,0.0010921557229587302
p905,0.0010830863591912705
p901,0.0010813670309130455
p2828,0.0010808242790301464
u4178,0.0010674981615271832
p2552,0.001064863623526301
p1430,0.0010586709504176563
p555,0.0010565270960932367
p2880,0.001048793656343108
p3174,0.001048793656343108
p3821,0.001048793656343108
p564,0.0010417295691013846
p2319,0.0010399290833934512
p593,0.0010381884976591708
p2412,0.0010381884976591708
p1860,0.0010364881431140882
p1811,0.0010362498750145852
p1450,0.0010346666478327857
p2390,0.001027328304120256
p3114,0.0010254971103188378
u1250,0.0010185529927793883
p587,0.0010037352072366978
p1808,0.0010022191422919763
p4077,0.0010022191422919763
p1847,0.0009929461110410234
p1850,0.0009929461110410234
p1401,0.000992686380088329
p216,0.0009844713469310772
p2387,0.0009836694462678122
p635,0.0009776196277014406
p1822,0.0009776196277014406
p4541,0.0009768518530713906
p2347,0.0009748046329513057
p1339,0.0009606398357737514
p2270,0.000957423102649773
p1298,0.000952671670999206
p2565,0.000950657720367616
p1848,0.0009392067544421538
p2413,0.0009383258266515902
p339326,0.00093189721276051
p420736,0.0009310425177423017
p1866,0.0009284837672630084
p135,0.0009267662324822985
p451,0.000922397174216747
p2259,0.0009190223985909876
p926,0.0009167980655793669
p414,0.0009124587957253698
p496,0.0009124587957253698
p1058,0.0009117350233305784
p2349,0.0009097729033824502
p2847,0.0009046189158760608
p2430,0.0009039166749652636
p1285,0.0008962477738452986
p2422,0.0008932650147625595
p2494,0.0008892254105947456
p4174,0.0008838717544275174
p1196,0.0008815418490211639
u1652,0.0008686234320797773
p120,0.0008650850990222574
p2504,0.0008642478512948364
p99,0.0008629399993783464
p2996,0.000858596647096281
p2264,0.0008503663087095384
p2591,0.0008477966568416768
p1521,0.0008443164797406616
p256,0.0008441819005726846
p1534,0.0008369052852004123
p1199,0.0008364315696372157
p1815,0.0008325918524010014
u353,0.0008241556119505891
p1328,0.0008203142735316232
u466,0.000817494313257024
p419,0.00081416523978051
u5174,0.0008108546271129492
p4177,0.0008096289365714336
p965,0.0008039280813312409
p875,0.0007945827208976328
u352,0.0007935807374672689
p2318,0.0007892675416620437
p2386,0.0007892675416620437
p3109,0.0007892675416620437
p3111,0.0007892675416620437
p3153,0.0007892675416620437
p3282,0.0007892675416620437
p1813,0.0007876501387064954
p1818,0.0007876501387064954
p2062,0.0007843279653767705
p1419,0.0007819089187052179
u1289,0.0007811082893543578
p2596,0.0007772683641464582
p2136,0.000776812469198778
p2658,0.0007731182741727768
p2221,0.0007723248811281042
p270,0.0007716890682255737
p2225,0.0007655903207243123
p442,0.0007640650897753125
p1878,0.0007640650897753125
p2469,0.0007640650897753125
u1325,0.0007546804368312673
p1282,0.00075402924329948
p1064,0.000749797422909371
u825,0.0007464239959347279
u1160,0.0007455285702337615
u536,0.0007439136662113519
u6844,0.0007439136662113515
p569,0.000742241447334416
p4563,0.000739391729177838
p1741,0.0007384967284734608
p2832,0.000735213370333355
p2381,0.0007322819170224355
p1234,0.0007320830625374868
p3345,0.0007270169658469278
p2481,0.0007222492954962211
p2593,0.0007222492954962211
p2594,0.0007222492954962211
p2627,0.0007222492954962211
p220,0.0007200332188084187
p252,0.0007200332188084187
p318,0.0007200332188084187
p404,0.0007200332188084187
p498,0.0007200332188084187
p1812,0.0007200332188084187
p1820,0.0007200332188084187
p1877,0.0007200332188084187
p2005,0.0007200332188084187
p3551,0.0007200332188084187
p4052,0.0007200332188084187
p1679,0.0007191399584988492
p2055,0.000717661604939149
p2614,0.0007152221367310194
p2368,0.0007128717237177025
p1426,0.0007073800471389255
p2632,0.0007009239297548316
p2634,0.0007009239297548316
p2646,0.0007009239297548316
p2822,0.0007009239297548316
p2823,0.0007009239297548316
p2836,0.0007009239297548316
p2838,0.0007009239297548316
p2857,0.0007009239297548316
p3856,0.0007009239297548316
p2586,0.0006971448915134152
p450,0.0006948958495562803
p2416,0.0006938947791689802
p2665,0.0006883564670965394
p2827,0.0006883564670965394
p2881,0.0006883564670965394
p2882,0.0006883564670965394
p3316,0.0006883564670965394
p3331,0.0006883564670965394
p3147,0.0006862624720781755
p2338,0.0006835203515641624
p2315,0.0006826320945510177
p2981,0.0006774683037500864
p102,0.0006770457455294413
p1204,0.0006756551225027164
p86,0.0006721120420612495
p1057,0.0006685072732019793
p573,0.0006679201356393071
p5497,0.00066774500536221
p2959,0.0006654842934239046
p67,0.0006647731745385195
p3765,0.0006646384698693369
p1040,0.0006613871166181754
p2337,0.0006605922855583165
p1470,0.0006597312041414951
p1313,0.0006548138215845544
p190,0.0006546924298606321
p2021,0.0006545530099182766
p1272,0.0006528907102214957
p2209,0.0006526404601823436
p1300,0.0006505689896812415
p111,0.0006500009256522383
p100,0.0006470204973209844
p2444,0.0006427396643829672
p4084,0.0006391924961522042
p119,0.0006278083928897831
p2954,0.0006243720264326603
p870,0.000617119196762053
p1497,0.0006165619982543617
p890,0.0006138568650052912
p4628,0.0006138568650052912
p940,0.0006124432935685362
p1400,0.0006111330620012893
p2618,0.0006098975635983718
p1252,0.0006074899184709213
p3041,0.0006053806941731149
p4520,0.0006053806941731149
p3028,0.0006031410872229976
p560,0.0006030639324218871
p2607,0.0006019959055518457
p4573,0.000599097655778517
p1226,0.0005981707585065312
p604,0.000596768366344111
p284,0.0005966112330802188
p4910,0.000596586261548119
p1331,0.0005950811669853957
p5400,0.0005944312108910523
p5401,0.0005944312108910523
p1311,0.0005941918987248716
p776,0.0005890539568661371
p1564,0.0005876673413937344
p1353,0.0005838815907910002
p2407,0.0005802220166778903
p2411,0.0005802220166778903
p22,0.0005791380071467645
p1330,0.0005768201802773577
p827040,0.0005747176719916627
p1911,0.0005692356537543979
p2728,0.0005692356537543979
p3170,0.0005692356537543979
p3201,0.0005692356537543979
p4514,0.0005692356537543979
p4885,0.0005692356537543979
p4908,0.0005692356537543979
p2398,0.0005651153542674775
p453,0.0005648596446226893
p2961,0.0005584110085020613
p820,0.0005571165760125521
p1395,0.0005564056178735532
p2013,0.0005543853171644956
p3364,0.0005520216246540134
p4865,0.0005520216246540134
p2968,0.0005509393708573322
p3126,0.0005461358416616095
p1319,0.0005449793370914647
p1284,0.0005443570705620304
p374881,0.0005434793650213369
u6309,0.0005418122504447599
p4154,0.000538652683823022
p2384,0.0005382111343609409
p2396,0.0005382111343609409
p2606,0.0005382111343609409
p3219,0.0005382111343609409
p3975,0.0005382111343609409
p4149,0.0005382111343609409
p5402,0.0005382111343609409
p457,0.0005353398361278673
p4011,0.0005353398361278673
p3217,0.0005350538677970242
p1935,0.0005313892827712662
p1940,0.0005313892827712662
p2592,0.0005292205513105562
p3078,0.0005290256530496414
p984,0.0005289475286177
p96,0.0005271867099635612
p98,0.0005271867099635612
p3413,0.0005252958824968417
p5405,0.000523716593431793
p1458,0.0005233033610911076
p193,0.0005156463365496131
p4227,0.0005150715399280119
p4532,0.0005150715399280119
p2262,0.0005138544149496458
p1692,0.0005127378008901128
p1372,0.0005098238939605664
p2952,0.0005095488687998909
p1005,0.0005079294593621992
p906,0.0005042729146227809
p2385,0.0005015678899486942
p4556,0.0005015678899486942
p945,0.0004996637600897216
p1181,0.0004996637600897216
p1188,0.0004996637600897216
p4201,0.0004996637600897216
p500,0.0004992958658404171
p3029,0.0004989700341480973
p433,0.0004966041731480886
p1834,0.0004966041731480886
p1250,0.0004956399170195451
p2877,0.0004934376870404807
p1072,0.0004924633126471662
p1073,0.0004924633126471662
p3281,0.000491340158319541
p81,0.0004910473757051796
p4191,0.0004902086955339669
p2181,0.0004842025491026453
p2339,0.00048226489124922876
p1288,0.0004803242315083707
p1153,0.00048019354031457554
p1478,0.00047923276648221316
p2037,0.0004771520574009752
p2117,0.0004771520574009752
p1307,0.00047695929024222576
p1329,0.00047695929024222576
p912,0.00047691041799738604
p1193,0.00047691041799738604
p2248,0.0004759064713716347
p1157,0.0004746499693960557
p2280,0.0004709847976612149
p2184,0.0004693347528031829
p2711,0.00046768720254073006
p3814,0.0004648685116190297
p3815,0.0004643817035706265
p851,0.0004615600608830467
p3040,0.0004613091417014012
p3100,0.0004601789693495083
p3167,0.0004601789693495083
p3182,0.0004601789693495083
p3288,0.0004601789693495083
p1464,0.00045518675387539294
p1003,0.0004550641277850941
p917,0.000453509374671063
p1055,0.00045331400396574355
p3192,0.00045134588151467074
p1764,0.0004505724525018555
p2864,0.00045051149017467327
p2350,0.000449593094270985
p1539,0.0004447159406525079
p4988,0.0004446067007124035
p3818,0.00044190338562320877
p2967,0.0004403536347640637
p1338,0.00043902408663510294
p1342,0.00043902408663510294
p1343,0.00043902408663510294
p85,0.0004375598705613667
p88,0.0004375598705613667
p2912,0.0004354580655493898
p2841,0.0004308114495755398
p5581,0.0004294466935956676
p71,0.00042733211828832813
p1807,0.0004272519938666388
p3157,0.0004272519938666388
p3249,0.0004272519938666388
p3916,0.0004272519938666388
p4907,0.0004272519938666388
p565,0.0004265585264711243
p2689,0.0004257354061676043
p3811,0.000425358924890936
p2479,0.0004244689040858816
p4622,0.00042410100998274306
p2456,0.0004234799261246874
p1530,0.0004225562961231923
p17,0.00042222533131110787
u1120,0.00042212128489166177
p2290,0.00041815464194377446
p3260,0.0004150137116851503
p189412,0.0004149695186631799
p758,0.00041397772871512204
p2855,0.000409356830866442
p62,0.00040930624131969894
p31,0.00040595838689117247
p225,0.0004036867441150044
p230,0.0004036867441150044
p4736,0.0004018172494185831
p4723,0.0004013342331340096
p3320,0.00040103476330065465
p767,0.00039903831098756
p768,0.00039903831098756
p1910,0.00039798586202155755
p2640,0.00039798586202155755
p3002,0.00039798586202155755
p3021,0.00039798586202155755
p3070,0.00039798586202155755
p3120,0.00039798586202155755
p3121,0.00039798586202155755
p3162,0.00039798586202155755
p3171,0.00039798586202155755
p3172,0.00039798586202155755
p3173,0.00039798586202155755
p3181,0.00039798586202155755
p3205,0.00039798586202155755
p3215,0.00039798586202155755
p3220,0.00039798586202155755
p3222,0.00039798586202155755
p3223,0.00039798586202155755
p3269,0.00039798586202155755
p3283,0.00039798586202155755
p3284,0.00039798586202155755
p3662,0.00039798586202155755
p3760,0.00039798586202155755
p3865,0.00039798586202155755
p3871,0.00039798586202155755
p4719,0.00039798586202155755
p4720,0.00039798586202155755
p4866,0.00039798586202155755
p4867,0.00039798586202155755
p4868,0.00039798586202155755
p4893,0.00039798586202155755
p4921,0.00039798586202155755
p4938,0.00039798586202155755
p4941,0.00039798586202155755
p4943,0.00039798586202155755
p4962,0.00039798586202155755
p1367,0.0003971137799816039
p916,0.0003961295467360704
p2971,0.0003948831752851331
p1017,0.0003945925531689703
p1758,0.0003939080452577139
p327,0.00039295386037867415
p2464,0.0003924995011263981
p5359,0.0003921414805869692
p1454,0.0003889994529610078
p505,0.000388904977775527
p4093,0.00038811853869871705
p753,0.0003873196852252403
p2519,0.00038601755364323916
u14068,0.00038572052865262356
p2791,0.00038312351029229054
p2815,0.00038312351029229054
p923,0.0003826236978735867
p3412,0.00038046506011766624
p3960,0.00037900639429519327
p4094,0.00037888797012436236
p4095,0.00037888797012436236
u3061,0.00037868433649694935
p1511,0.0003781961848398328
u5342,0.0003776231835047769
u739,0.000377069468347551
p1238,0.0003755541645086645
u2687,0.0003751403331519745
u1570,0.00037420353207767877
p1903,0.0003740928195896035
p5531,0.0003740928195896035
p1148,0.00037409281958960346
p3093,0.0003740928195896034
p1314,0.00037393664542497286
u1938,0.00037391238842021104
u1526,0.00037361627793537167
u357,0.0003730546092784474
u3821,0.00037277367451457117
u1845,0.00037261710229335315
u517,0.00037259944814769196
u2866,0.0003721961624392301
u744,0.00037199211977991003
u1811,0.00037199211977991003
u5056,0.00037199211977991003
u2996,0.00037199211977991
u3071,0.00037199211977991
u2822,0.0003719921197799098
u1648,0.0003719921197799097
u5843,0.0003719921197799097
p1324,0.0003713033005660377
p2323,0.0003702119465870043
p5357,0.0003701500826295599
p514,0.00036861563957001905
p2320,0.000367893186133162
p5587,0.000367845720395701
p2289,0.000365896402363104
p2004,0.00036584306612302603
p2167,0.00036584306612302603
p2649,0.00036584306612302603
p2650,0.00036584306612302603
p2657,0.00036584306612302603
p2831,0.00036584306612302603
p2833,0.00036584306612302603
p2835,0.00036584306612302603
p2837,0.00036584306612302603
p2839,0.00036584306612302603
p2859,0.00036584306612302603
p2885,0.00036584306612302603
p2890,0.00036584306612302603
p2897,0.00036584306612302603
p3306,0.00036584306612302603
p3310,0.00036584306612302603
p3311,0.00036584306612302603
p3312,0.00036584306612302603
p3313,0.00036584306612302603
p3317,0.00036584306612302603
p3324,0.00036584306612302603
p3328,0.00036584306612302603
p3333,0.00036584306612302603
p3334,0.00036584306612302603
p3337,0.00036584306612302603
p3343,0.00036584306612302603
p3352,0.00036584306612302603
p3353,0.00036584306612302603
p3354,0.00036584306612302603
p3355,0.00036584306612302603
p3358,0.00036584306612302603
p3359,0.00036584306612302603
p3360,0.00036584306612302603
p3361,0.00036584306612302603
p3362,0.00036584306612302603
p3363,0.00036584306612302603
p3365,0.00036584306612302603
p3367,0.00036584306612302603
p4822,0.00036584306612302603
p1388,0.0003653412419483771
p3010,0.00036443114313048296
p5524,0.00036329875513748647
p1352,0.0003631570553879075
p1566,0.0003621787075260079
p1567,0.0003621787075260079
p1568,0.0003621787075260079
p1569,0.0003621787075260079
p1570,0.0003621787075260079
p1836,0.0003611783929987202
p5236,0.00035990169952288144
p5403,0.0003558817238148709
p1414,0.00035541038683643735
p2233,0.0003553660394737699
p4118,0.0003553660394737699
p4537,0.0003537992765283575
p5388,0.0003537992765283575
p44,0.0003512981862820763
p2548,0.0003511558123180407
p2348,0.00034948945647202904
p3813,0.0003494807236385544
p2316,0.0003476495484699141
p2605,0.00034632519675533655
p2570,0.0003437670019734825
p2963,0.0003431449770516412
p1248,0.00034175810994883715
p136,0.00034139744912113374
p5370,0.0003398021139497014
p1409,0.00033619868281982413
p2105,0.0003356868702821453
p629,0.0003356334453370696
p909,0.0003356334453370696
p977,0.0003356334453370696
p1350,0.0003356334453370696
p1386,0.0003356334453370696
p2191,0.0003356334453370696
p2195,0.0003356334453370696
p2680,0.0003356334453370696
p2789,0.0003356334453370696
p2805,0.0003356334453370696
p3346,0.0003356334453370696
p3348,0.0003356334453370696
p4088,0.0003356334453370696
p2645,0.00033530085657945154
p1318,0.0003337531064440506
p3416,0.00033258735802188353
p1130,0.0003325504192231938
p2910,0.0003322839127809275
p1880,0.0003319879662322584
p1916,0.0003319879662322584
p1917,0.0003319879662322584
p4547,0.0003319879662322584
p2399,0.0003288222074499522
p83,0.0003261834323058407
p84,0.0003261834323058407
p3559,0.00032584550060513147
p1368,0.0003230509394492216
p5434,0.0003224586631269203
p1167,0.0003220030970017603
p48,0.0003195348063461296
p519,0.00031811655326736954
p374,0.00031578347595737413
p1554,0.0003117482522293292
p2666,0.000310321053813319
p2865,0.000310321053813319
p2866,0.000310321053813319
p2969,0.000310321053813319
p2970,0.000310321053813319
p2985,0.000310321053813319
p3063,0.000310321053813319
p3417,0.000310321053813319
p3597,0.000310321053813319
p3812,0.000310321053813319
p3816,0.000310321053813319
p3820,0.000310321053813319
p377,0.00030810931233219243
p4137,0.000306410077453981
p4912,0.000306410077453981
p2429,0.0003058292310618278
p2907,0.0003057671480794175
p1840,0.00030566501470404017
p1912,0.00030566501470404017
p1913,0.00030566501470404017
p1918,0.00030566501470404017
p4626,0.00030566501470404017
p4892,0.00030566501470404017
p5387,0.00030566501470404017
p2409,0.00030522526825624687
p2026,0.0003049330824015208
p2027,0.0003049330824015208
p1281,0.00030380507222708806
p2258,0.00030265750196180807
p3185,0.00030108190755887335
p228,0.00030074263083191866
p236,0.00030074263083191866
p306,0.00030074263083191866
p311,0.00030074263083191866
p364,0.00030074263083191866
p439,0.00030074263083191866
p445,0.00030074263083191866
p741,0.00030074263083191866
p744,0.00030074263083191866
p801,0.00030074263083191866
p1571,0.00030074263083191866
p1572,0.00030074263083191866
p1573,0.00030074263083191866
p1574,0.00030074263083191866
p1575,0.00030074263083191866
p1576,0.00030074263083191866
p1577,0.00030074263083191866
p1578,0.00030074263083191866
p1579,0.00030074263083191866
p1580,0.00030074263083191866
p1581,0.00030074263083191866
p1582,0.00030074263083191866
p1583,0.00030074263083191866
p1584,0.00030074263083191866
p1585,0.00030074263083191866
p1586,0.00030074263083191866
p1587,0.00030074263083191866
p1588,0.00030074263083191866
p1589,0.00030074263083191866
p1590,0.00030074263083191866
p1591,0.00030074263083191866
p1592,0.00030074263083191866
p1781,0.00030074263083191866
p1800,0.00030074263083191866
p1809,0.00030074263083191866
p1814,0.00030074263083191866
p1854,0.00030074263083191866
p1870,0.00030074263083191866
p1874,0.00030074263083191866
p1941,0.00030074263083191866
p1942,0.00030074263083191866
p1943,0.00030074263083191866
p1944,0.00030074263083191866
p1945,0.00030074263083191866
p1946,0.00030074263083191866
p1947,0.00030074263083191866
p1948,0.00030074263083191866
p1949,0.00030074263083191866
p1950,0.00030074263083191866
p1951,0.00030074263083191866
p1952,0.00030074263083191866
p1953,0.00030074263083191866
p1954,0.00030074263083191866
p1955,0.00030074263083191866
p1956,0.00030074263083191866
p1957,0.00030074263083191866
p1958,0.00030074263083191866
p1959,0.00030074263083191866
p1960,0.00030074263083191866
p1961,0.00030074263083191866
p1962,0.00030074263083191866
p1963,0.00030074263083191866
p1964,0.00030074263083191866
p1965,0.00030074263083191866
p1966,0.00030074263083191866
p2903,0.00030074263083191866
p3560,0.00030074263083191866
p4073,0.00030074263083191866
p4076,0.00030074263083191866
p4083,0.00030074263083191866
p4090,0.00030074263083191866
p5433,0.00030071874052699764
p5472,0.0002976502087815982
p78,0.00029670581322942355
p79,0.00029670581322942355
p80,0.00029670581322942355
p2341,0.0002963293778231036
p2345,0.0002963293778231036
p2610,0.00029594838145217126
p2556,0.0002957491143607394
p1333,0.0002951336633401056
p2956,0.0002941232614406728
p1887,0.0002930165834401991
p2032,0.0002930165834401991
p5522,0.00029293196244969776
p5391,0.00029222130641062865
p1336,0.00029083151685865626
p5355,0.0002880389369969681
p2597,0.00028536667082603774
p3023,0.0002845512564527812
p2908,0.00028380299690550134
p4543,0.0002836277699270114
p1107,0.00028078615774305174
p2321,0.0002791766579402513
p4096,0.0002765472722682072
p4981,0.0002746086374852377
p510,0.00027457072326120534
p513,0.00027457072326120534
p614,0.00027457072326120534
p634,0.00027457072326120534
p2905,0.00027457072326120534
p5432,0.000274355304104711
p1156,0.0002739667786460454
p1237,0.00027268833528062156
p3133,0.00027242165090204435
p2475,0.00027198319699706536
p1927,0.0002712402780430039
p2769,0.00026963764024291265
p554,0.0002696051018236692
p2700,0.00026937653568768653
p2223,0.00026900723298563283
p1744,0.0002687916465921289
p3294,0.0002685243500887335
p854486,0.0002685243500887335
p2207,0.00026730342399855863
p1076,0.00026718472724295727
p1449,0.00026691237844454383
p3061,0.0002667732528613362
p824,0.00026609371982391284
p2608,0.00026581839264794223
p2471,0.0002652380677723853
p3165,0.0002641195807482113
p3184,0.0002641195807482113
p3194,0.0002641195807482113
p1517,0.00026200275086628343
p2175,0.00026200275086628343
p117,0.00026197914080676503
p2158,0.00026003307799748803
p588,0.00025833674747775874
p1326,0.00025805752209865485
p1398,0.0002558206902196934
p1932,0.0002537951564618664
p848,0.0002507196454258446
p1122,0.0002507196454258446
p2138,0.00024975807871714407
p3139,0.00024776831395686993
p2459,0.00024683126334009656
p2473,0.0002464951340923434
p1641,0.0002442503306705181
p1431,0.00024287789011641586
p3274,0.00024205602162857633
p4985,0.00024205602162857633
p2572,0.00024174944802933258
p2576,0.00024174944802933258
p3035,0.0002413210300872431
p2336,0.00024103643844587398
p3146,0.00024103643844587398
p3191,0.00024103643844587398
p4176,0.00024103643844587398
p4870,0.00024103643844587398
p5150,0.00024103643844587398
p5354,0.00024103643844587398
p5549,0.00024103643844587398
p2515,0.00024063767728949812
p1420,0.00024028506770508798
p3216,0.00024001354501736335
p4538,0.00023736245288560298
p3161,0.00023653527069185783
p3243,0.00023653527069185783
p2973,0.0002355118155899944
p2974,0.0002355118155899944
p3972,0.00023548012501348656
p260,0.0002354127872518939
p389,0.0002354127872518939
p418,0.0002354127872518939
p458,0.0002354127872518939
p566,0.0002354127872518939
p668,0.0002354127872518939
p673,0.0002354127872518939
p2327,0.0002354127872518939
p2328,0.0002354127872518939
p2467,0.0002354127872518939
p2613,0.0002354127872518939
p2824,0.0002354127872518939
p3135,0.0002354127872518939
p3136,0.0002354127872518939
p4006,0.0002354127872518939
p4030,0.0002354127872518939
p4097,0.0002354127872518939
p4109,0.0002354127872518939
p4240,0.0002354127872518939
p4244,0.0002354127872518939
p4248,0.0002354127872518939
p4416,0.0002354127872518939
p4419,0.0002354127872518939
p2513,0.00023411031149418545
p1309,0.0002336005901178196
p2075,0.0002336005901178196
p2096,0.0002336005901178196
p4884,0.0002334614405839937
p1746,0.00023209097287689976
p1646,0.00023066227969236418
p5385,0.0002304893900484771
p1010,0.00022912719068002744
p77,0.00022694248440671244
p1158,0.00022620807195303564
p52,0.00022615326418184143
p126,0.000225329930688323
p1495,0.00022499108207073125
p4098,0.0002245232466179252
p2531,0.00022415830474627774
p920,0.000223383893140865
p2660,0.00022171250375460622
p2856,0.00022160642882741269
p1227,0.00022149236431305447
p3034,0.0002212922760071431
p3036,0.00022078597518614528
p3037,0.00022078597518614528
p4878,0.00022078597518614528
p2428,0.0002206711911222043
p1205,0.0002203855554182786
p2876,0.00021800686575904158
p1443,0.000217765735390972
p1465,0.00021620052726996816
p1743,0.00021574568123141531
p2843,0.00021554516473475333
p3027,0.00021346783018625406
p1873,0.00021331629966202974
p1908,0.00021331629966202974
p1819,0.00021185261551341956
p1645,0.0002117097296663291
p2260,0.00021145414999693262
p2534,0.00021046396556593914
p2363,0.00020993214984056657
p3164,0.00020967513099690203
p5451,0.00020957409800268422
p5453,0.00020957409800268422
p1131,0.00020929834730685473
p2133,0.0002081164780513862
p908,0.00020781536008375874
p1340,0.00020766304269993405
p1171,0.00020646462924604593
p1898,0.00020562678229427852
p4125,0.0002046861270351448
p1206,0.00020432463748827574
p5615,0.00020389089096426794
p5582,0.0002038020585565087
p1029,0.00020283651129469093
p1254,0.00020184991432613183
p2508,0.00020149793533404557
p2962,0.00020146285129444926
p4641,0.00020146285129444926
p4689,0.00020146285129444926
p5351,0.00020057095825332764
p1440,0.00019833187388821976
p1518,0.0001975632101507238
p1979521,0.00019718702766090523
p2369,0.0001959737297753553
p2948,0.00019498348562359171
p1209,0.00019428974020827341
p1210,0.00019428974020827341
p1740,0.00019427103601301344
p1429,0.000193207230159321
p1366,0.00019243073534991654
p1499,0.00019056352903509024
p1556,0.00019056352903509024
p1557,0.00019056352903509024
p1704,0.00019056352903509024
p1707,0.00019056352903509024
p1710,0.00019056352903509024
p2174,0.00019056352903509024
p962,0.00019015551197821114
p1491,0.00019015551197821114
p2706,0.0001900344945100852
p1383,0.00018940155111871743
p1835,0.00018875173568219848
p1839,0.00018875173568219848
p1846,0.00018875173568219848
p1871,0.00018875173568219848
p1882,0.00018875173568219848
p3020,0.00018875173568219848
p3200,0.00018875173568219848
p3271,0.00018875173568219848
p3286,0.00018875173568219848
p3332,0.00018875173568219848
p3468,0.00018875173568219848
p4134,0.00018875173568219848
p4552,0.00018875173568219848
p4670,0.00018875173568219848
p4894,0.00018875173568219848
p4914,0.00018875173568219848
p5005,0.00018875173568219848
p5006,0.00018875173568219848
p5009,0.00018875173568219848
p1544,0.00018873923538894659
p1761,0.000188180069315465
u245,0.00018790726053614267
p5556,0.00018735916827182226
p5557,0.00018735916827182226
p5565,0.00018735916827182226
u1685,0.00018693165052255218
p1186,0.00018618423651929524
p2059,0.0001859088843833154
p2558,0.00018566370898176948
p902,0.0001853332625605514
p4615,0.00018489453088260164
p5542,0.0001840619801822737
p5572,0.0001840619801822737
p299,0.00018387780072458753
p529,0.00018387780072458753
p1827,0.00018387780072458753
p1829,0.00018387780072458753
p1830,0.00018387780072458753
p1837,0.00018387780072458753
p1881,0.00018387780072458753
p2391,0.00018387780072458753
p2406,0.00018387780072458753
p2656,0.00018387780072458753
p2752,0.00018387780072458753
p2816,0.00018387780072458753
p2852,0.00018387780072458753
p2862,0.00018387780072458753
p3007,0.00018387780072458753
p3017,0.00018387780072458753
p3019,0.00018387780072458753
p3055,0.00018387780072458753
p3060,0.00018387780072458753
p3154,0.00018387780072458753
p3168,0.00018387780072458753
p3178,0.00018387780072458753
p3180,0.00018387780072458753
p3183,0.00018387780072458753
p3203,0.00018387780072458753
p3236,0.00018387780072458753
p3239,0.00018387780072458753
p3244,0.00018387780072458753
p3246,0.00018387780072458753
p3247,0.00018387780072458753
p3250,0.00018387780072458753
p3557,0.00018387780072458753
p3876,0.00018387780072458753
p4056,0.00018387780072458753
p4536,0.00018387780072458753
p4886,0.00018387780072458753
p5494,0.00018387780072458753
p3235,0.000182223545108886
p5365,0.00018100056431768628
p2774,0.00018082709537177224
p2561,0.00018045709578879714
p1683,0.00018034620965545086
p2955,0.00017987146104973028
p4525,0.00017782310847548095
p2375,0.00017776986630484322
p1266,0.00017694984816999832
p1997,0.0001759644913314933
p2426,0.00017528615571425668
p5054,0.00017528615571425668
p1341,0.0001732239509379769
p2064,0.0001710357431670821
p1007,0.00017090673140567354
p2517,0.0001705658770412983
p2937,0.00016982278338145858
p5469,0.000169673754579532
p1532,0.00016911962037786504
p530,0.00016799275704064334
p2234,0.00016709298568118108
p1527,0.00016663053551955274
p1553,0.00016663053551955274
p1652,0.00016663053551955274
p1720,0.00016663053551955274
p1722,0.00016663053551955274
p1730,0.00016663053551955274
p2016,0.00016663053551955274
p3415,0.0001664266152261327
p3827,0.00016283417710268462
p1191,0.00016253978976886842
p1738,0.00016232057968097445
p1739,0.00016232057968097445
p960,0.00016229588040968135
p2376,0.0001611669095017023
p1760,0.0001605639327770648
p2965,0.00016011050243503394
p1694,0.00015937862708881247
p106,0.00015936770573808613
p203,0.00015936770573808613
p910,0.00015936770573808613
p972,0.00015936770573808613
p974,0.00015936770573808613
p1016,0.00015936770573808613
p1126,0.00015936770573808613
p66,0.00015833096866254548
p1255,0.00015666015420987388
p2214,0.00015557760649312203
p108,0.0001554929426584234
p4192,0.00015485370264567322
p2909,0.000154026788054684
p4044,0.00015257407154061107
p2208,0.00015256381775363345
p76,0.00015120306290723705
p859,0.00015120306290723705
p2431,0.00015120306290723705
p2432,0.00015120306290723705
p2433,0.00015120306290723705
p2434,0.00015120306290723705
p2435,0.00015120306290723705
p2437,0.00015120306290723705
p2438,0.00015120306290723705
p2453,0.00015120306290723705
p2529,0.00015120306290723705
p2595,0.00015120306290723705
p2633,0.00015120306290723705
p2636,0.00015120306290723705
p2642,0.00015120306290723705
p2651,0.00015120306290723705
p2840,0.00015120306290723705
p2875,0.00015120306290723705
p2940,0.00015120306290723705
p2942,0.00015120306290723705
p2992,0.00015120306290723705
p3042,0.00015120306290723705
p3065,0.00015120306290723705
p3408,0.00015120306290723705
p3411,0.00015120306290723705
p3496,0.00015120306290723705
p3531,0.00015120306290723705
p4852,0.00015120306290723705
p4987,0.00015120306290723705
p2664,0.00015110701387628872
p2904,0.00015110701387628872
p1180,0.00015105380977404126
p2612,0.0001500180981310964
p1678,0.0001499239634106958
p1177,0.00014887093857966107
p1268,0.00014887093857966107
p1286,0.00014887093857966107
p1287,0.00014887093857966107
p1346,0.00014887093857966107
p2182,0.00014887093857966107
p2244,0.00014887093857966107
p109,0.00014870436386887033
p2964,0.00014734707740165053
p2966,0.00014734707740165053
p4102,0.00014478819194617006
p3033,0.0001447439690866757
p1322,0.00014411460366081842
p5513,0.00014269826199020755
p1376,0.00014220258295930048
u350,0.00014182522216385168
p487,0.00014060611506695088
p3977,0.0001405408422374031
p876,0.00014048517063739666
p1244,0.00014048517063739666
p2563,0.000139161041534135
p1310,0.00013863188582423025
p1316,0.00013863188582423025
p1327,0.00013863188582423025
p1332,0.00013863188582423025
p1334,0.00013863188582423025
p1335,0.00013863188582423025
p1337,0.00013863188582423025
p1344,0.00013863188582423025
p1498,0.00013863188582423025
p1513,0.00013863188582423025
p1535,0.00013863188582423025
p1658,0.00013863188582423025
p1886,0.00013863188582423025
p2041,0.00013863188582423025
p2042,0.00013863188582423025
p2074,0.00013863188582423025
p2094,0.00013863188582423025
p2099,0.00013863188582423025
p2101,0.00013863188582423025
p5139,0.00013770344266587388
p1894,0.0001373837429135394
p939,0.00013627094192568713
p2277,0.00013504272623453398
p1448,0.000134989608942243
p320,0.00013471640242997858
p396,0.00013471640242997858
p2675,0.00013376166529131573
p2714,0.00013376166529131573
p2975,0.00013376166529131573
p2976,0.00013376166529131573
p3810,0.00013376166529131573
p4645,0.00013376166529131573
p4703,0.00013376166529131573
p4849,0.00013376166529131573
p4877,0.00013376166529131573
p1125,0.0001321665169528585
p2583,0.00013200446622807228
p882,0.00013137723630673754
p961,0.00013137723630673754
p3199,0.00013023983627942482
p4133,0.00013023983627942482
p545,0.00012965313611170535
p1141,0.00012921023263718894
p2342,0.00012861093857805908
p2724,0.00012861093857805908
p2949,0.00012821205249262998
p2545,0.00012758078201216853
p4124,0.0001273529958643455
p2380,0.00012647624332476172
p1354,0.0001260084129004099
p1163,0.00012532740993519592
p1385,0.0001244423422489415
p2224,0.00012421540449446467
p517439,0.00012421540449446467
p3976,0.00012364399065826662
p4047,0.0001234361917183564
p1137,0.0001212918140989241
p1212,0.00012048492532139829
p2351,0.00011843638397684402
p4104,0.00011841416867939023
p2447,0.00011833929395785215
p5303,0.00011784077320381926
p2057,0.00011768086106223047
p3504,0.00011707354937487705
p4091,0.00011707354937487705
p5568,0.00011554079481674692
p5509,0.00011530546609877303
p537,0.00011514563026090527
p4737,0.00011502426780862153
p1736,0.00011375881567073518
p2159,0.00011329629970110457
p38,0.00011270904189611915
p4809,0.00011224169171414611
p4812,0.00011224169171414611
p5114,0.00011192476477743903
p2946,0.000111858261842341
p3197,0.000111858261842341
p3262,0.000111858261842341
p5369,0.000111858261842341
p5470,0.000111858261842341
p5471,0.000111858261842341
p2478,0.00011185468854683159
p2286,0.00010723396523182145
p2287,0.00010723396523182145
p3032,0.00010704065500691232
p1533,0.00010649123120748611
p1002,0.00010557863667116697
p2927,0.00010531219251258358
p2003,0.00010465591691886941
p1387,0.00010394864738192029
p2343,0.00010382185098877159
p2472,0.00010382185098877159
p2709,0.00010382185098877159
p2775,0.00010382185098877159
p3087,0.00010382185098877159
p3149,0.00010382185098877159
p3175,0.00010382185098877159
p3186,0.00010382185098877159
p3195,0.00010382185098877159
p3228,0.00010382185098877159
p3293,0.00010382185098877159
p3295,0.00010382185098877159
p4018,0.00010382185098877159
p4049,0.00010382185098877159
p5122,0.00010382185098877159
p5125,0.00010382185098877159
p5126,0.00010382185098877159
p5270,0.00010382185098877159
p5276,0.00010382185098877159
p5368,0.00010382185098877159
p5372,0.00010382185098877159
p1644,0.00010346221120152936
p2476,0.00010313988354143995
p2268,0.00010241276194842716
p1325,0.00010214612456253425
p1423,0.00010214612456253425
p1541,0.00010214612456253425
p1546,0.00010214612456253425
p2060,0.00010214612456253425
p2061,0.00010214612456253425
p2950,0.00010179936533611967
p2509,0.00010168052027447581
p3084,0.00010103520331808799
p2997,0.0001009496958994006
p1529,0.00010085348358823069
p2490,0.00010022189902286375
p2754,9.975098897504931e-05
p177,9.941796264897093e-05
p966,9.92389898333031e-05
p1914,9.922028341185256e-05
p2389,9.922028341185256e-05
p4567,9.922028341185256e-05
p4821,9.922028341185256e-05
p4911,9.922028341185256e-05
p2443,9.856570032164188e-05
p1213,9.837217048113982e-05
p2455,9.827222913632374e-05
p2457,9.827222913632374e-05
p2458,9.827222913632374e-05
p2495,9.827222913632374e-05
p2496,9.827222913632374e-05
p2502,9.827222913632374e-05
p2503,9.827222913632374e-05
p2505,9.827222913632374e-05
p2600,9.827222913632374e-05
p827,9.807373814042637e-05
p1161,9.771516456045971e-05
p4807,9.748724864880384e-05
p4808,9.748724864880384e-05
p4810,9.748724864880384e-05
p1009,9.664466356840319e-05
p187,9.664125890432957e-05
p609,9.664125890432957e-05
p610,9.664125890432957e-05
p611,9.664125890432957e-05
p613,9.664125890432957e-05
p4609,9.664125890432957e-05
p4611,9.664125890432957e-05
p5448,9.664125890432957e-05
p5450,9.664125890432957e-05
p2730,9.6460635325646e-05
p11,9.639524251266537e-05
p4936,9.59825056821299e-05
p5059,9.59825056821299e-05
p2470,9.568521693784601e-05
p1467,9.353395094537076e-05
p1194,9.262669216583714e-05
p1391,9.262669216583714e-05
p2374,9.215515380640374e-05
p4971,9.175274623152892e-05
p4980,9.175274623152892e-05
p159,9.160960095526677e-05
p4123,9.157200898414855e-05
p3229,9.108971971642435e-05
p4619,9.108971971642435e-05
p2274,9.096056240104702e-05
p4022,9.096056240104702e-05
p4120,9.096056240104702e-05
p4127,9.096056240104702e-05
p4129,9.096056240104702e-05
p4130,9.096056240104702e-05
p4140,9.096056240104702e-05
p4630,9.096056240104702e-05
p1393,8.85633853754849e-05
p3001,8.804227211030432e-05
p1200,8.747062716335898e-05
p1243,8.747062716335898e-05
p2635,8.735383681951866e-05
p207,8.641979224432142e-05
p4041,8.640616837770921e-05
p5443,8.635915558941823e-05
p4945,8.5727063694525e-05
p2284,8.534687194851878e-05
p2988,8.475198985761107e-05
p2272,8.439925172253286e-05
p3148,8.36114944218698e-05
p4152,8.360335757849247e-05
p5616,8.223443519922706e-05
p5617,8.223443519922706e-05
p5618,8.223443519922706e-05
p591,8.194904110194514e-05
p1144,8.194904110194514e-05
p1178,8.149480228614227e-05
p1500,8.126518221848234e-05
p1503,8.126518221848234e-05
p2442,8.111780927863025e-05
p3039,8.111780927863025e-05
p3129,8.097130819548679e-05
p2230,8.09643607652568e-05
p1355,8.0760642952871e-05
p899,7.96625481249006e-05
p1531,7.96625481249006e-05
p2302,7.96625481249006e-05
p2417,7.96625481249006e-05
p3968,7.96625481249006e-05
p1264,7.922118437614028e-05
p1360,7.922118437614028e-05
p1363,7.922118437614028e-05
p1364,7.922118437614028e-05
p1392,7.922118437614028e-05
p1540,7.922118437614028e-05
p4855,7.64417923845088e-05
p5554,7.64417923845088e-05
p5558,7.64417923845088e-05
p5562,7.64417923845088e-05
p2450,7.629007152869278e-05
p2737,7.629007152869278e-05
p3026,7.629007152869278e-05
p3071,7.629007152869278e-05
p3826,7.629007152869278e-05
p4135,7.629007152869278e-05
p4854,7.629007152869278e-05
p2383,7.596596833984555e-05
p1433,7.557017287538311e-05
p5585,7.522421237872085e-05
p1192,7.489804025568255e-05
p1219,7.489804025568255e-05
p3086,7.483731496924653e-05
p1030,7.462650851709903e-05
p3202,7.443184698899837e-05
p2989,7.437684498405468e-05
p1104,7.435965722410803e-05
p2410,7.435965722410803e-05
p5430,7.327441038111826e-05
p123,7.302515172738565e-05
p5526,7.274662566243553e-05
p170,7.237081542036807e-05
p3290,7.122077929839432e-05
p1524,6.941744588127651e-05
p1538,6.941744588127651e-05
p1715,6.941744588127651e-05
p1885,6.941744588127651e-05
p1888,6.941744588127651e-05
p1889,6.941744588127651e-05
p2078,6.941744588127651e-05
p2080,6.941744588127651e-05
p2082,6.941744588127651e-05
p2083,6.941744588127651e-05
p2131,6.941744588127651e-05
p2331,6.87828301938151e-05
p3522,6.87828301938151e-05
p2998,6.864207763981051e-05
p3074,6.839118787823901e-05
p1461,6.827974068885246e-05
p1075,6.792746350183372e-05
p2707,6.698044125435017e-05
p2011,6.649447661244595e-05
p2292,6.649447661244595e-05
p2871,6.636131454230515e-05
p2994,6.636131454230515e-05
p3134,6.636131454230515e-05
p4021,6.636131454230515e-05
p4126,6.636131454230515e-05
p4128,6.636131454230515e-05
p4131,6.636131454230515e-05
p4132,6.636131454230515e-05
p4874,6.636131454230515e-05
p4905,6.636131454230515e-05
p4970,6.636131454230515e-05
p4972,6.636131454230515e-05
p4973,6.636131454230515e-05
p5559,6.636131454230515e-05
p5564,6.636131454230515e-05
p276,6.6105246227166e-05
p2261,6.59502954303497e-05
p1695,6.591186545648381e-05
p2216,6.576145542655935e-05
p2995,6.535730374470494e-05
p1071,6.519370185053546e-05
p240,6.383683257853167e-05
p286,6.383683257853167e-05
p371,6.383683257853167e-05
p393,6.383683257853167e-05
p401,6.383683257853167e-05
p416,6.383683257853167e-05
p448,6.383683257853167e-05
p454,6.383683257853167e-05
p461,6.383683257853167e-05
p480,6.383683257853167e-05
p497,6.383683257853167e-05
p599,6.383683257853167e-05
p632,6.383683257853167e-05
p643,6.383683257853167e-05
p759,6.383683257853167e-05
p956,6.383683257853167e-05
p1047,6.383683257853167e-05
p1070,6.383683257853167e-05
p1923,6.383683257853167e-05
p2303,6.383683257853167e-05
p1863,6.358878678202412e-05
p1864,6.358878678202412e-05
p2157,6.358878678202412e-05
p3508,6.358878678202412e-05
p3511,6.358878678202412e-05
p3005,6.284821309455107e-05
p12,6.265389489872828e-05
p72,6.265389489872828e-05
p184,6.265389489872828e-05
p1693,6.265389489872828e-05
p1855,6.265389489872828e-05
p2139,6.265389489872828e-05
p2210,6.265389489872828e-05
u1282,6.201944576656972e-05
p4665,6.186273860851312e-05
p5366,6.0670967856494805e-05
p2723,6.0600830224102786e-05
p2179,6.052608251108752e-05
p4906,5.9376787125080686e-05
p4977,5.9376787125080686e-05
p4978,5.9376787125080686e-05
p1120,5.896396178012364e-05
p21,5.819621528876471e-05
p4614,5.7760686576283405e-05
p5444,5.7760686576283405e-05
p5454,5.7760686576283405e-05
p235,5.617790769016707e-05
p3030,5.60757961338602e-05
u507,5.5694308984944624e-05
p1024,5.531603491664303e-05
p847,5.5265207479969674e-05
p2491,5.5265207479969674e-05
p5523,5.513934222316141e-05
p1182,5.502864900706009e-05
p1239,5.502864900706009e-05
p1856,5.502864900706009e-05
p2772,5.4672932988333036e-05
p2863,5.425863113610239e-05
p2928,5.425863113610239e-05
p1247,5.3381482896802605e-05
p2317,5.224551193624978e-05
p428,5.192653949142405e-05
p1447,5.138496608352499e-05
p911,5.1272976056206866e-05
p3515,5.120967153364049e-05
p1359,5.1189774215797294e-05
p5046,5.109233645026141e-05
p2682,5.091732547024684e-05
p4535,5.091732547024684e-05
p4042,5.041786188352295e-05
p1713,5.021582276357979e-05
p915,5.0008190393142996e-05
p1755,5.0008190393142996e-05
p2010,5.0008190393142996e-05
p2012,5.0008190393142996e-05
p4837,5.0008190393142996e-05
p4842,5.0008190393142996e-05
p4848,5.0008190393142996e-05
p1147,4.9370847043715276e-05
p568,4.847709049156098e-05
p1004,4.847709049156098e-05
p1211,4.847709049156098e-05
p1245,4.847709049156098e-05
p1246,4.847709049156098e-05
p1249,4.847709049156098e-05
p2007,4.847709049156098e-05
p2009,4.847709049156098e-05
p3539,4.847709049156098e-05
p415,4.840496807883489e-05
p2330,4.840496807883489e-05
p3770,4.840496807883489e-05
p4984,4.840496807883489e-05
p1077,4.824077592283212e-05
p942,4.7740783827165426e-05
p2352,4.68257226787617e-05
p1680133,4.666457639192127e-05
p2924,4.650970843655593e-05
p1232,4.648840412909174e-05
p2355,4.6250691347267885e-05
p2356,4.6250691347267885e-05
p2357,4.6250691347267885e-05
p2371,4.6250691347267885e-05
p2372,4.6250691347267885e-05
p2518,4.6250691347267885e-05
p2520,4.6250691347267885e-05
p1721,4.590819806065628e-05
p4982,4.550140889720016e-05
p3018,4.5450609437933286e-05
p3067,4.5450609437933286e-05
p2673,4.5034934957853125e-05
p2829,4.5034934957853125e-05
p2745,4.4979120989335085e-05
p2826,4.4979120989335085e-05
p2999,4.4979120989335085e-05
p3210,4.4979120989335085e-05
p4121,4.4979120989335085e-05
p4150,4.4979120989335085e-05
p4476,4.4979120989335085e-05
p5571,4.423647557424379e-05
p5569,4.390327513499331e-05
p2721,4.3470064174361086e-05
p1197,4.323432091658473e-05
p4527,4.2570311953404454e-05
p841,4.249689227232119e-05
p1690,4.249689227232119e-05
p1857,4.249689227232119e-05
p2672,4.249689227232119e-05
p1345,4.244799064250279e-05
p1506,4.244799064250279e-05
p1759,4.244799064250279e-05
p2054,4.244799064250279e-05
p2068,4.244799064250279e-05
p2166,4.244799064250279e-05
p2189,4.244799064250279e-05
p4204,4.244799064250279e-05
p1052,4.150754571026099e-05
p2492,4.019057048978167e-05
p3143,4.019057048978167e-05
p5051,4.019057048978167e-05
p5476,4.019057048978167e-05
p1684,3.9673413577291776e-05
p2644,3.9351122762350764e-05
p5506,3.8562160818095495e-05
p5508,3.8562160818095495e-05
p5384,3.852577461809614e-05
p2918,3.847328060210179e-05
p968,3.817598936497244e-05
p1015,3.809813693218461e-05
p1413,3.809813693218461e-05
p1421,3.809813693218461e-05
p165,3.741507474685723e-05
p4122,3.738094116422649e-05
p5267,3.727884297614436e-05
p5306,3.727884297614436e-05
p2688,3.697650701745095e-05
p997,3.695401276780011e-05
p269,3.6838867055932927e-05
p3043,3.55986396907686e-05
p1711,3.5190964324983446e-05
p1173,3.482129490906208e-05
p1428,3.434483380860634e-05
p2058,3.434483380860634e-05
p1793,3.394567574687524e-05
p1795,3.394567574687524e-05
p2141,3.394567574687524e-05
p4897,3.394567574687524e-05
p4025,3.352669505276731e-05
p4136,3.352669505276731e-05
p4804,3.352669505276731e-05
p4805,3.352669505276731e-05
p4811,3.352669505276731e-05
p1074,3.35019937986107e-05
p2850,3.331697449077145e-05
p2870,3.331697449077145e-05
p2879,3.331697449077145e-05
p2911,3.331697449077145e-05
p2913,3.331697449077145e-05
p2923,3.331697449077145e-05
p3003,3.331697449077145e-05
p3025,3.331697449077145e-05
p1480,3.309120491169531e-05
p1754,3.309120491169531e-05
p959,3.289285525902885e-05
p980,3.289285525902885e-05
p1006,3.289285525902885e-05
p1059,3.289285525902885e-05
p4655,3.220508545486881e-05
p2938,3.179341034128143e-05
p4020,3.179341034128143e-05
p963,3.131446251160256e-05
p1056,3.127177947717037e-05
p1473,3.127177947717037e-05
p1224,3.0746851576432675e-05
p2486,3.041357982788338e-05
p2616,2.9771948731181873e-05
p2740,2.9771948731181873e-05
p4902,2.9771948731181873e-05
p3059,2.9511554651830608e-05
p3062,2.9511554651830608e-05
p2722,2.945119226292492e-05
p1274,2.8715663000201423e-05
p1275,2.8715663000201423e-05
p2378,2.826823166002807e-05
p999,2.7720382096925506e-05
p4635,2.756381426491212e-05
p2076,2.74638730584154e-05
p2705,2.7370638810159996e-05
p2906,2.667019155973786e-05
p1374646,2.667019155973786e-05
p964,2.6240842593440664e-05
p1301,2.6236274941345574e-05
p1802,2.591299023018476e-05
p3189,2.5519936506892486e-05
p142,2.5356325614762373e-05
p879,2.5356325614762373e-05
p2354,2.5356325614762373e-05
p2460,2.5356325614762373e-05
p2483,2.5356325614762373e-05
p2485,2.5356325614762373e-05
p2535,2.5356325614762373e-05
p2617,2.5356325614762373e-05
p2619,2.5356325614762373e-05
p2691,2.5356325614762373e-05
p2758,2.5356325614762373e-05
p2867,2.5356325614762373e-05
p2868,2.5356325614762373e-05
p2869,2.5356325614762373e-05
p2932,2.5356325614762373e-05
p2933,2.5356325614762373e-05
p2934,2.5356325614762373e-05
p3000,2.5356325614762373e-05
p3047,2.5356325614762373e-05
p3077,2.5356325614762373e-05
p3079,2.5356325614762373e-05
p3080,2.5356325614762373e-05
p3081,2.5356325614762373e-05
p3082,2.5356325614762373e-05
p3083,2.5356325614762373e-05
p3190,2.5356325614762373e-05
p3209,2.5356325614762373e-05
p3823,2.5356325614762373e-05
p3825,2.5356325614762373e-05
p3943,2.5356325614762373e-05
p4005,2.5356325614762373e-05
p4026,2.5356325614762373e-05
p4106,2.5356325614762373e-05
p4175,2.5356325614762373e-05
p4178,2.5356325614762373e-05
p4522,2.5356325614762373e-05
p4523,2.5356325614762373e-05
p4697,2.5356325614762373e-05
p4701,2.5356325614762373e-05
p4702,2.5356325614762373e-05
p4711,2.5356325614762373e-05
p4712,2.5356325614762373e-05
p4800,2.5356325614762373e-05
p4801,2.5356325614762373e-05
p4802,2.5356325614762373e-05
p4861,2.5356325614762373e-05
p4873,2.5356325614762373e-05
p4967,2.5356325614762373e-05
p4986,2.5356325614762373e-05
p5008,2.5356325614762373e-05
p5011,2.5356325614762373e-05
p5025,2.5356325614762373e-05
p5038,2.5356325614762373e-05
p5040,2.5356325614762373e-05
p5043,2.5356325614762373e-05
p5048,2.5356325614762373e-05
p5049,2.5356325614762373e-05
p5050,2.5356325614762373e-05
p5052,2.5356325614762373e-05
p5053,2.5356325614762373e-05
p5056,2.5356325614762373e-05
p5058,2.5356325614762373e-05
p5065,2.5356325614762373e-05
p5066,2.5356325614762373e-05
p5067,2.5356325614762373e-05
p5068,2.5356325614762373e-05
p5069,2.5356325614762373e-05
p5070,2.5356325614762373e-05
p5071,2.5356325614762373e-05
p5072,2.5356325614762373e-05
p5073,2.5356325614762373e-05
p5074,2.5356325614762373e-05
p5075,2.5356325614762373e-05
p5076,2.5356325614762373e-05
p5077,2.5356325614762373e-05
p5078,2.5356325614762373e-05
p5079,2.5356325614762373e-05
p5080,2.5356325614762373e-05
p5082,2.5356325614762373e-05
p5083,2.5356325614762373e-05
p5084,2.5356325614762373e-05
p5087,2.5356325614762373e-05
p5089,2.5356325614762373e-05
p5090,2.5356325614762373e-05
p5091,2.5356325614762373e-05
p5092,2.5356325614762373e-05
p5093,2.5356325614762373e-05
p5095,2.5356325614762373e-05
p5096,2.5356325614762373e-05
p5101,2.5356325614762373e-05
p5102,2.5356325614762373e-05
p5103,2.5356325614762373e-05
p5104,2.5356325614762373e-05
p5105,2.5356325614762373e-05
p5106,2.5356325614762373e-05
p5107,2.5356325614762373e-05
p5108,2.5356325614762373e-05
p5109,2.5356325614762373e-05
p5110,2.5356325614762373e-05
p5111,2.5356325614762373e-05
p5112,2.5356325614762373e-05
p5113,2.5356325614762373e-05
p5115,2.5356325614762373e-05
p5116,2.5356325614762373e-05
p5117,2.5356325614762373e-05
p5119,2.5356325614762373e-05
p5120,2.5356325614762373e-05
p5121,2.5356325614762373e-05
p5123,2.5356325614762373e-05
p5124,2.5356325614762373e-05
p5128,2.5356325614762373e-05
p5129,2.5356325614762373e-05
p5130,2.5356325614762373e-05
p5131,2.5356325614762373e-05
p5132,2.5356325614762373e-05
p5133,2.5356325614762373e-05
p5134,2.5356325614762373e-05
p5135,2.5356325614762373e-05
p5136,2.5356325614762373e-05
p5137,2.5356325614762373e-05
p5138,2.5356325614762373e-05
p5140,2.5356325614762373e-05
p5141,2.5356325614762373e-05
p5142,2.5356325614762373e-05
p5143,2.5356325614762373e-05
p5144,2.5356325614762373e-05
p5145,2.5356325614762373e-05
p5146,2.5356325614762373e-05
p5147,2.5356325614762373e-05
p5148,2.5356325614762373e-05
p5168,2.5356325614762373e-05
p5169,2.5356325614762373e-05
p5170,2.5356325614762373e-05
p5171,2.5356325614762373e-05
p5172,2.5356325614762373e-05
p5173,2.5356325614762373e-05
p5174,2.5356325614762373e-05
p5175,2.5356325614762373e-05
p5176,2.5356325614762373e-05
p5177,2.5356325614762373e-05
p5178,2.5356325614762373e-05
p5179,2.5356325614762373e-05
p5180,2.5356325614762373e-05
p5181,2.5356325614762373e-05
p5184,2.5356325614762373e-05
p5185,2.5356325614762373e-05
p5186,2.5356325614762373e-05
p5187,2.5356325614762373e-05
p5188,2.5356325614762373e-05
p5189,2.5356325614762373e-05
p5190,2.5356325614762373e-05
p5191,2.5356325614762373e-05
p5193,2.5356325614762373e-05
p5194,2.5356325614762373e-05
p5195,2.5356325614762373e-05
p5196,2.5356325614762373e-05
p5197,2.5356325614762373e-05
p5198,2.5356325614762373e-05
p5199,2.5356325614762373e-05
p5200,2.5356325614762373e-05
p5202,2.5356325614762373e-05
p5203,2.5356325614762373e-05
p5204,2.5356325614762373e-05
p5205,2.5356325614762373e-05
p5207,2.5356325614762373e-05
p5208,2.5356325614762373e-05
p5225,2.5356325614762373e-05
p5226,2.5356325614762373e-05
p5227,2.5356325614762373e-05
p5228,2.5356325614762373e-05
p5229,2.5356325614762373e-05
p5230,2.5356325614762373e-05
p5231,2.5356325614762373e-05
p5233,2.5356325614762373e-05
p5234,2.5356325614762373e-05
p5243,2.5356325614762373e-05
p5244,2.5356325614762373e-05
p5245,2.5356325614762373e-05
p5246,2.5356325614762373e-05
p5247,2.5356325614762373e-05
p5248,2.5356325614762373e-05
p5249,2.5356325614762373e-05
p5250,2.5356325614762373e-05
p5255,2.5356325614762373e-05
p5256,2.5356325614762373e-05
p5257,2.5356325614762373e-05
p5258,2.5356325614762373e-05
p5259,2.5356325614762373e-05
p5261,2.5356325614762373e-05
p5262,2.5356325614762373e-05
p5263,2.5356325614762373e-05
p5268,2.5356325614762373e-05
p5269,2.5356325614762373e-05
p5286,2.5356325614762373e-05
p5288,2.5356325614762373e-05
p5289,2.5356325614762373e-05
p5290,2.5356325614762373e-05
p5291,2.5356325614762373e-05
p5292,2.5356325614762373e-05
p5293,2.5356325614762373e-05
p5294,2.5356325614762373e-05
p5307,2.5356325614762373e-05
p5350,2.5356325614762373e-05
p5468,2.5356325614762373e-05
p5553,2.5356325614762373e-05
p2609,2.5236201132882634e-05
p1358,2.4408956573048542e-05
p921,2.4036176965865957e-05
p1278,2.4036176965865957e-05
p1291,2.4036176965865957e-05
p2048,2.4036176965865957e-05
p2229,2.367606297324624e-05
p863,2.3311993317546774e-05
p1797,2.3311993317546774e-05
p2744,2.3311993317546774e-05
p2990,2.3311993317546774e-05
p3064,2.3311993317546774e-05
p4100,2.3311993317546774e-05
p4141,2.3311993317546774e-05
p4148,2.3311993317546774e-05
p4991,2.3311993317546774e-05
p5361,2.3311993317546774e-05
p3102,2.2920184731131184e-05
p4540,2.2920184731131184e-05
p4900,2.2920184731131184e-05
p4901,2.2920184731131184e-05
p5555,2.2605006232728954e-05
p5560,2.2605006232728954e-05
p2807,2.2374388196781242e-05
p2423,2.229693397474938e-05
p114,2.2078928730352844e-05
p302,2.1901531295121388e-05
p476,2.1901531295121388e-05
p4996,2.1901531295121388e-05
p2493,2.1767500042012066e-05
p2402,2.1095762407074593e-05
p4820,2.1095762407074593e-05
p2246,2.1051055852391982e-05
p2271,2.1051055852391982e-05
p994,2.0994708165087534e-05
p2761,2.0071060098889944e-05
p2670,1.9536874450664223e-05
p2977,1.9536874450664223e-05
p2978,1.9536874450664223e-05
p1595,1.9321229283649745e-05
p1596,1.9321229283649745e-05
p1597,1.9321229283649745e-05
p1598,1.9321229283649745e-05
p1599,1.9321229283649745e-05
p1600,1.9321229283649745e-05
p1601,1.9321229283649745e-05
p1602,1.9321229283649745e-05
p1603,1.9321229283649745e-05
p1604,1.9321229283649745e-05
p1605,1.9321229283649745e-05
p1606,1.9321229283649745e-05
p1607,1.9321229283649745e-05
p1608,1.9321229283649745e-05
p1609,1.9321229283649745e-05
p1610,1.9321229283649745e-05
p1611,1.9321229283649745e-05
p1612,1.9321229283649745e-05
p1622,1.9321229283649745e-05
p1623,1.9321229283649745e-05
p1624,1.9321229283649745e-05
p1625,1.9321229283649745e-05
p1626,1.9321229283649745e-05
p1627,1.9321229283649745e-05
p1628,1.9321229283649745e-05
p1629,1.9321229283649745e-05
p1630,1.9321229283649745e-05
p1631,1.9321229283649745e-05
p1632,1.9321229283649745e-05
p1633,1.9321229283649745e-05
p1634,1.9321229283649745e-05
p1635,1.9321229283649745e-05
p1636,1.9321229283649745e-05
p1637,1.9321229283649745e-05
p1638,1.9321229283649745e-05
u743,1.899296616531717e-05
p1166,1.8861277765574154e-05
p1168,1.8861277765574154e-05
p1399,1.8591999593871816e-05
p2370,1.8413645710362974e-05
p2373,1.8413645710362974e-05
p2377,1.8413645710362974e-05
p1563,1.8088404196424513e-05
p1565,1.8088404196424513e-05
p1750,1.8088404196424513e-05
p5439,1.7901057600742654e-05
p5577,1.7810744410845456e-05
p5578,1.7810744410845456e-05
p878,1.769299560999599e-05
p2454,1.769299560999599e-05
p2930,1.769299560999599e-05
p4517,1.769299560999599e-05
p4903,1.769299560999599e-05
p4923,1.769299560999599e-05
p5561,1.769299560999599e-05
p5563,1.769299560999599e-05
p2051,1.7691016312417377e-05
u1860,1.763892829311962e-05
p2778,1.746874867484356e-05
p317,1.687410641287774e-05
p324,1.687410641287774e-05
p542,1.687410641287774e-05
p1233,1.687410641287774e-05
p2185,1.653210953671733e-05
p907,1.594508826586584e-05
u852,1.564208101399696e-05
p918,1.5373755863613324e-05
p935,1.5373755863613324e-05
p3138,1.4851457751873704e-05
p874,1.4718224854398027e-05
p5573,1.45941369045738e-05
p5574,1.45941369045738e-05
p5579,1.45941369045738e-05
p5580,1.45941369045738e-05
u4058,1.4294850856378723e-05
p3509,1.4095934770551239e-05
p1884,1.308441910417587e-05
p2001,1.308441910417587e-05
p2002,1.308441910417587e-05
u1818,1.275470559686642e-05
p5431,1.265366676783843e-05
p2212,1.2113392783545424e-05
p5505,1.156066485946186e-05
p1121,1.146079279268311e-05
p2521,1.146079279268311e-05
p2566,1.146079279268311e-05
p2674,1.146079279268311e-05
p2676,1.146079279268311e-05
p2687,1.146079279268311e-05
p4634,1.07217462330461e-05
p1396,1.0482083474151003e-05
p1422,1.0482083474151003e-05
p1424,1.0482083474151003e-05
p47,1.0449336991203354e-05
p880,1.044320892182263e-05
p2720,1.0431636588747237e-05
p2766,1.0431636588747237e-05
p3073,1.0431636588747237e-05
p4511,1.0431636588747237e-05
p4512,1.0431636588747237e-05
p2304,1.0357756039470713e-05
u1346,1.0302591581330286e-05
p580,1.0087158013867782e-05
p2587,1.0087158013867782e-05
p2732,1.0087158013867782e-05
p2736,1.0087158013867782e-05
p2747,1.0087158013867782e-05
p2767,1.0087158013867782e-05
p2768,1.0087158013867782e-05
p2771,1.0087158013867782e-05
p1,9.890459401931376e-06
p1365,9.560238699155971e-06
p2257,9.560238699155971e-06
p3098,9.53563736070502e-06
p3099,9.53563736070502e-06
p1389,9.43357293982286e-06
p2516,9.43357293982286e-06
p1462,9.23458676822067e-06
p1097,8.740278886161471e-06
p2550,8.633715135849307e-06
p539,8.085814705793901e-06
p2553,7.173403867838144e-06
p4616,6.958509592204824e-06
u2924,6.247412453862358e-06
p1861,6.243686703176578e-06
p33,6.073283493717567e-06
p541,6.073283493717567e-06
p2717,6.073283493717567e-06
p2726,6.073283493717567e-06
u22477,6.009350368956891e-06
p995,5.721930656264432e-06
p5619,5.68500110591724e-06
p5620,5.68500110591724e-06
p5100,5.550276833320122e-06
p5336,5.550276833320122e-06
p4707,5.546897908970925e-06
p2043,5.5440184783130304e-06
u2872,5.504810287262729e-06
p1151,5.491542873187042e-06
p551,5.109357528466887e-06
p861,5.092937735699259e-06
p2254,4.899473531592968e-06
p1406,4.836535989968074e-06
p1441,4.836535989968074e-06
p523,4.722037030024811e-06
p577,4.701567865252247e-06
p2451,4.701567865252247e-06
p2622,4.701567865252247e-06
p543,4.617510382625708e-06
p1088,4.617510382625708e-06
p2477,4.617510382625708e-06
p2599,4.617510382625708e-06
p2718,4.617510382625708e-06
p2813,4.617510382625708e-06
p1082,4.25749052445058e-06
u160,4.070497006470057e-06
p1509,4.010091693574051e-06
p1516,4.010091693574051e-06
p1520,4.010091693574051e-06
p1525,4.010091693574051e-06
p1526,4.010091693574051e-06
p1536,4.010091693574051e-06
p1561,4.010091693574051e-06
p1647,4.010091693574051e-06
p1648,4.010091693574051e-06
p1656,4.010091693574051e-06
p1659,4.010091693574051e-06
p1665,4.010091693574051e-06
p1712,4.010091693574051e-06
p1725,4.010091693574051e-06
p1891,4.010091693574051e-06
p1897,4.010091693574051e-06
p2017,4.010091693574051e-06
p2039,4.010091693574051e-06
p2085,4.010091693574051e-06
p2088,4.010091693574051e-06
p2109,4.010091693574051e-06
p2538,3.935105131781862e-06
p871,3.6870738925987095e-06
u1859,3.612040757631112e-06
p1796,3.575022352325917e-06
p1826,3.575022352325917e-06
p4620,3.575022352325917e-06
p131,3.468801572752339e-06
p4722,3.468801572752339e-06
p4803,3.468801572752339e-06
u5250,3.1814749340711477e-06
p5452,2.8600570369962682e-06
p5456,2.8600570369962682e-06
p998,2.832607261676965e-06
p1463,2.83247783212105e-06
p1390,2.824526454897324e-06
p1437,2.824526454897324e-06
p5237,2.6617970555286478e-06
p5238,2.6617970555286478e-06
p5510,2.6617970555286478e-06
p5570,2.6617970555286478e-06
p3006,2.4840761277108635e-06
p158,2.4649342213557257e-06
u1805,2.4609128591003283e-06
p1671,2.4193360736743858e-06
p1680,2.4193360736743858e-06
u1473,2.199734387468365e-06
p1304,2.053976779991892e-06
p855,1.9679561924038496e-06
u2485,1.4693483359175395e-06
u3062,1.3584523117195715e-06
p3521,1.2563272855983626e-06
p2598,1.053867256692213e-06
p854,9.82967452767842e-07
u2937,9.09323867211489e-07
u5101,7.383694536651808e-07
u1932,7.177564476299961e-07
p2324,4.680926107290443e-07
p147679,4.680926107290443e-07
u5415,4.2682506115819346e-07
p36,4.2264729767241486e-07
u1926,3.0801825768436287e-07
u6578,2.43116104383951e-07
u2808,2.417898678477624e-07
p495123,2.1291566282845968e-07
u13844,2.1172004540689242e-07
u3924,1.883823757498218e-07
u2865,1.62878152085279e-07
u6562,1.5601245120991033e-07
u4542,1.0150901698185276e-07
u2661,7.057334846896413e-08
u5199,7.057334846896413e-08
p1639,0.0
p8,0.0
p149,0.0
p520,0.0
p524,0.0
p525,0.0
p526,0.0
p562,0.0
p2425,0.0
p2671,0.0
p3124,0.0
p3125,0.0
p4043,0.0
p4092,0.0
p4103,0.0
p1133,0.0
p2452,0.0
p183627,0.0
p45,0.0
p1111,0.0
p2329,0.0
p2332,0.0
p2334,0.0
p2335,0.0
p2365,0.0
p2427,0.0
p2436,0.0
p2439,0.0
p2440,0.0
p2445,0.0
p2448,0.0
p2449,0.0
p2461,0.0
p2474,0.0
p2484,0.0
p2487,0.0
p2497,0.0
p2498,0.0
p2499,0.0
p2500,0.0
p2501,0.0
p2522,0.0
p2523,0.0
p2524,0.0
p2525,0.0
p2526,0.0
p2528,0.0
p2530,0.0
p2532,0.0
p2533,0.0
p2536,0.0
p2537,0.0
p2567,0.0
p2569,0.0
p2571,0.0
p2590,0.0
p2611,0.0
p2620,0.0
p2621,0.0
p2623,0.0
p2624,0.0
p2625,0.0
p2626,0.0
p2629,0.0
p2630,0.0
p2631,0.0
p2641,0.0
p2643,0.0
p2647,0.0
p2652,0.0
p2662,0.0
p2686,0.0
p2690,0.0
p2692,0.0
p2693,0.0
p2694,0.0
p2695,0.0
p2696,0.0
p2697,0.0
p2698,0.0
p2701,0.0
p2702,0.0
p2703,0.0
p2708,0.0
p2710,0.0
p2715,0.0
p2716,0.0
p2719,0.0
p2725,0.0
p2727,0.0
p2729,0.0
p2731,0.0
p2733,0.0
p2734,0.0
p2735,0.0
p2738,0.0
p2739,0.0
p2741,0.0
p2742,0.0
p2743,0.0
p2746,0.0
p2748,0.0
p2749,0.0
p2750,0.0
p2751,0.0
p2753,0.0
p2755,0.0
p2756,0.0
p2757,0.0
p2759,0.0
p2760,0.0
p2762,0.0
p2763,0.0
p2764,0.0
p2770,0.0
p2773,0.0
p2776,0.0
p2777,0.0
p2779,0.0
p2780,0.0
p2873,0.0
p2883,0.0
p2886,0.0
p2892,0.0
p2921,0.0
p2926,0.0
p2935,0.0
p2936,0.0
p2939,0.0
p2941,0.0
p2982,0.0
p2983,0.0
p2993,0.0
p3044,0.0
p3066,0.0
p3069,0.0
p3085,0.0
p3094,0.0
p3103,0.0
p3106,0.0
p3127,0.0
p3128,0.0
p3137,0.0
p3140,0.0
p3409,0.0
p3410,0.0
p3527,0.0
p3595,0.0
p3944,0.0
p3974,0.0
p4014,0.0
p4015,0.0
p4016,0.0
p4017,0.0
p4019,0.0
p4034,0.0
p4039,0.0
p4099,0.0
p4101,0.0
p4145,0.0
p4235,0.0
p4298,0.0
p4477,0.0
p4513,0.0
p4724,0.0
p4798,0.0
p4856,0.0
p4871,0.0
p4875,0.0
p4879,0.0
p4983,0.0
p4992,0.0
p4993,0.0
p5010,0.0
p5012,0.0
p5013,0.0
p5014,0.0
p5024,0.0
p5026,0.0
p5027,0.0
p5028,0.0
p5029,0.0
p5035,0.0
p5036,0.0
p5037,0.0
p5039,0.0
p5041,0.0
p5042,0.0
p5044,0.0
p5045,0.0
p5047,0.0
p5055,0.0
p5057,0.0
p5064,0.0
p5085,0.0
p5086,0.0
p5088,0.0
p5118,0.0
p5182,0.0
p5183,0.0
p5192,0.0
p5206,0.0
p5209,0.0
p5219,0.0
p5220,0.0
p5222,0.0
p5223,0.0
p5224,0.0
p5260,0.0
p5285,0.0
p5295,0.0
p5296,0.0
p5297,0.0
p5298,0.0
p5299,0.0
p5300,0.0
p5301,0.0
p5302,0.0
p5304,0.0
p5305,0.0
p5504,0.0
p5525,0.0
p5540,0.0
p5621,0.0
p5622,0.0
p5625,0.0
p5626,0.0
p5627,0.0
p5628,0.0
p5629,0.0
p5630,0.0
p5632,0.0
p5633,0.0
p5634,0.0
p5635,0.0
p5636,0.0
p5637,0.0
p5638,0.0
p5639,0.0
p5640,0.0
p5641,0.0
p5642,0.0
p5643,0.0
p5644,0.0
p5645,0.0
p5646,0.0
p5647,0.0
p5648,0.0
p5649,0.0
p5650,0.0
p5651,0.0
p5652,0.0
p5653,0.0
p5654,0.0
p5655,0.0
p5656,0.0
p5657,0.0
p5667,0.0
p5668,0.0
p5669,0.0
p5670,0.0
p5671,0.0
p5672,0.0
p5673,0.0
p5674,0.0
p5675,0.0
p5676,0.0
p5677,0.0
p5678,0.0
p5679,0.0
u49,0.0
p314504,0.0
p51,0.0
p61,0.0
p115,0.0
p178,0.0
p183,0.0
p185,0.0
p186,0.0
p188,0.0
p189,0.0
p192,0.0
p194,0.0
p195,0.0
p196,0.0
p197,0.0
p198,0.0
p199,0.0
p200,0.0
p201,0.0
p202,0.0
p205,0.0
p206,0.0
p208,0.0
p209,0.0
p210,0.0
p211,0.0
p212,0.0
p213,0.0
p214,0.0
p217,0.0
p218,0.0
p219,0.0
p221,0.0
p222,0.0
p223,0.0
p224,0.0
p226,0.0
p227,0.0
p229,0.0
p231,0.0
p232,0.0
p233,0.0
p234,0.0
p237,0.0
p238,0.0
p239,0.0
p241,0.0
p242,0.0
p243,0.0
p244,0.0
p245,0.0
p246,0.0
p247,0.0
p249,0.0
p255,0.0
p259,0.0
p261,0.0
p262,0.0
p263,0.0
p264,0.0
p265,0.0
p266,0.0
p267,0.0
p268,0.0
p271,0.0
p272,0.0
p282,0.0
p283,0.0
p287,0.0
p304,0.0
p309,0.0
p310,0.0
p312,0.0
p313,0.0
p314,0.0
p315,0.0
p316,0.0
p319,0.0
p322,0.0
p345,0.0
p348,0.0
p357,0.0
p358,0.0
p360,0.0
p367,0.0
p369,0.0
p376,0.0
p378,0.0
p379,0.0
p380,0.0
p381,0.0
p382,0.0
p383,0.0
p384,0.0
p385,0.0
p386,0.0
p387,0.0
p388,0.0
p390,0.0
p391,0.0
p392,0.0
p397,0.0
p402,0.0
p407,0.0
p422,0.0
p434,0.0
p443,0.0
p444,0.0
p446,0.0
p447,0.0
p449,0.0
p452,0.0
p455,0.0
p456,0.0
p462,0.0
p466,0.0
p477,0.0
p478,0.0
p479,0.0
p484,0.0
p488,0.0
p499,0.0
p501,0.0
p502,0.0
p503,0.0
p504,0.0
p533,0.0
p534,0.0
p535,0.0
p536,0.0
p538,0.0
p594,0.0
p595,0.0
p596,0.0
p597,0.0
p598,0.0
p600,0.0
p601,0.0
p602,0.0
p603,0.0
p605,0.0
p606,0.0
p607,0.0
p608,0.0
p612,0.0
p615,0.0
p616,0.0
p617,0.0
p618,0.0
p619,0.0
p620,0.0
p621,0.0
p622,0.0
p623,0.0
p624,0.0
p625,0.0
p626,0.0
p627,0.0
p628,0.0
p630,0.0
p631,0.0
p633,0.0
p636,0.0
p637,0.0
p638,0.0
p639,0.0
p640,0.0
p641,0.0
p642,0.0
p644,0.0
p645,0.0
p646,0.0
p647,0.0
p648,0.0
p649,0.0
p650,0.0
p651,0.0
p652,0.0
p653,0.0
p654,0.0
p655,0.0
p656,0.0
p657,0.0
p658,0.0
p659,0.0
p660,0.0
p661,0.0
p662,0.0
p663,0.0
p664,0.0
p665,0.0
p666,0.0
p667,0.0
p669,0.0
p670,0.0
p671,0.0
p672,0.0
p674,0.0
p675,0.0
p676,0.0
p677,0.0
p678,0.0
p679,0.0
p680,0.0
p681,0.0
p688,0.0
p716,0.0
p718,0.0
p719,0.0
p720,0.0
p721,0.0
p722,0.0
p723,0.0
p724,0.0
p725,0.0
p726,0.0
p727,0.0
p740,0.0
p742,0.0
p743,0.0
p745,0.0
p746,0.0
p747,0.0
p748,0.0
p749,0.0
p750,0.0
p751,0.0
p752,0.0
p754,0.0
p755,0.0
p756,0.0
p762,0.0
p763,0.0
p764,0.0
p765,0.0
p774,0.0
p775,0.0
p779,0.0
p780,0.0
p781,0.0
p782,0.0
p783,0.0
p787,0.0
p795,0.0
p803,0.0
p818,0.0
p821,0.0
p829,0.0
p838,0.0
p867,0.0
p934,0.0
p943,0.0
p946,0.0
p954,0.0
p979,0.0
p987,0.0
p1033,0.0
p1045,0.0
p1048,0.0
p1049,0.0
p1050,0.0
p1063,0.0
p1069,0.0
p1078,0.0
p1084,0.0
p1086,0.0
p1089,0.0
p1095,0.0
p1100,0.0
p1112,0.0
p1115,0.0
p1116,0.0
p1123,0.0
p1124,0.0
p1127,0.0
p1132,0.0
p1138,0.0
p1149,0.0
p1159,0.0
p1165,0.0
p1169,0.0
p1170,0.0
p1179,0.0
p1183,0.0
p1184,0.0
p1185,0.0
p1201,0.0
p1202,0.0
p1203,0.0
p1229,0.0
p1230,0.0
p1241,0.0
p1262,0.0
p1283,0.0
p1347,0.0
p1369,0.0
p1384,0.0
p1642,0.0
p2065,0.0
p2066,0.0
p2067,0.0
p2069,0.0
p2072,0.0
p2073,0.0
p2103,0.0
p2118,0.0
p2190,0.0
p2194,0.0
p2217,0.0
p2239,0.0
p2241,0.0
p2242,0.0
p2243,0.0
p2247,0.0
p2249,0.0
p2251,0.0
p2252,0.0
p2269,0.0
p2326,0.0
p2333,0.0
p2466,0.0
p2468,0.0
p2603,0.0
p2604,0.0
p2685,0.0
p2810,0.0
p2811,0.0
p2917,0.0
p3052,0.0
p3053,0.0
p3054,0.0
p3097,0.0
p3131,0.0
p3132,0.0
p3142,0.0
p3152,0.0
p3158,0.0
p3163,0.0
p3166,0.0
p3169,0.0
p3179,0.0
p3227,0.0
p3275,0.0
p3276,0.0
p3277,0.0
p3299,0.0
p3300,0.0
p3301,0.0
p3302,0.0
p3303,0.0
p3304,0.0
p3330,0.0
p3340,0.0
p3342,0.0
p3344,0.0
p3347,0.0
p3349,0.0
p3350,0.0
p3351,0.0
p3438,0.0
p3439,0.0
p3548,0.0
p3549,0.0
p3550,0.0
p3552,0.0
p3553,0.0
p3554,0.0
p3555,0.0
p3556,0.0
p3558,0.0
p3561,0.0
p3592,0.0
p3593,0.0
p4007,0.0
p4008,0.0
p4009,0.0
p4010,0.0
p4012,0.0
p4013,0.0
p4027,0.0
p4028,0.0
p4029,0.0
p4031,0.0
p4032,0.0
p4033,0.0
p4035,0.0
p4036,0.0
p4037,0.0
p4038,0.0
p4059,0.0
p4108,0.0
p4110,0.0
p4111,0.0
p4112,0.0
p4113,0.0
p4114,0.0
p4115,0.0
p4116,0.0
p4117,0.0
p4156,0.0
p4157,0.0
p4236,0.0
p4245,0.0
p4246,0.0
p4247,0.0
p4249,0.0
p4296,0.0
p4297,0.0
p4407,0.0
p4408,0.0
p4410,0.0
p4411,0.0
p4413,0.0
p4414,0.0
p4415,0.0
p4417,0.0
p4418,0.0
p4420,0.0
p4636,0.0
p4637,0.0
p5016,0.0
p5017,0.0
p5020,0.0
p5021,0.0
p5022,0.0
p5023,0.0
p5212,0.0
p5309,0.0
p5310,0.0
p5311,0.0
p5404,0.0
p5420,0.0
p5421,0.0
p5435,0.0
p5436,0.0
p5437,0.0
p5447,0.0
p5449,0.0
p5463,0.0
p5464,0.0
p5465,0.0
p5466,0.0
p5481,0.0
p5482,0.0
p5483,0.0
p5493,0.0
p673886,0.0
p749225,0.0
p924,0.0
p967,0.0
p1012,0.0
p1013,0.0
p1025,0.0
p1027,0.0
p1028,0.0
p1032,0.0
p1228,0.0
p114168,0.0
p517437,0.0
u135,0.0
p35,0.0
p506,0.0
p922,0.0
p941,0.0
p1000,0.0
p1035,0.0
p1037,0.0
p1039,0.0
p1041,0.0
p1060,0.0
p1062,0.0
p1065,0.0
p1176,0.0
p1195,0.0
p1218,0.0
p1225,0.0
p1263,0.0
p1265,0.0
p1267,0.0
p1290,0.0
p1349,0.0
p1351,0.0
p1357,0.0
p1394,0.0
p1397,0.0
p1404,0.0
p1405,0.0
p1410,0.0
p1412,0.0
p1417,0.0
p1425,0.0
p1439,0.0
p1444,0.0
p1445,0.0
p1446,0.0
p1451,0.0
p1452,0.0
p1453,0.0
p1455,0.0
p1456,0.0
p1457,0.0
p1459,0.0
p1460,0.0
p1481,0.0
p1482,0.0
p1483,0.0
p1484,0.0
p1486,0.0
p1487,0.0
p1488,0.0
p1490,0.0
p1640,0.0
p1742,0.0
p1745,0.0
p1749,0.0
p2049,0.0
p2050,0.0
p2052,0.0
p2053,0.0
p2098,0.0
p2180,0.0
p2183,0.0
p2235,0.0
p2236,0.0
p2245,0.0
p2255,0.0
p2256,0.0
p2301,0.0
p2325,0.0
p2379,0.0
p2925,0.0
p5576,0.0
p5584,0.0
p840,0.0
p1046,0.0
p1154,0.0
p1279,0.0
p2121,0.0
p552,0.0
p1081,0.0
p1140,0.0
p1152,0.0
p1276,0.0
p1321,0.0
p1996,0.0
p1998,0.0
p2006,0.0
p2008,0.0
p2220,0.0
p2226,0.0
p2237,0.0
p2238,0.0
p2250,0.0
p2296,0.0
p2297,0.0
p2298,0.0
p2299,0.0
p4799,0.0
p4898,0.0
p4969,0.0
p5002,0.0
p5460,0.0
p5475,0.0
p936,0.0
p937,0.0
p938,0.0
p948,0.0
p949,0.0
p950,0.0
p951,0.0
p952,0.0
p953,0.0
p957,0.0
p970,0.0
p971,0.0
p973,0.0
p975,0.0
p976,0.0
p1018,0.0
p1019,0.0
p1377,0.0
p1378,0.0
p1379,0.0
p1380,0.0
p1381,0.0
p1407,0.0
p1408,0.0
p1411,0.0
p1415,0.0
p1416,0.0
p1418,0.0
p1900,0.0
p1901,0.0
p1902,0.0
p1904,0.0
p4947,0.0
p4948,0.0
p39,0.0
p992,0.0
p1134,0.0
p1135,0.0
p1136,0.0
p1466,0.0
p1468,0.0
p1469,0.0
p507,0.0
p1187,0.0
p4159,0.0
p4160,0.0
p4161,0.0
p4162,0.0
p4163,0.0
p4164,0.0
p4165,0.0
p4166,0.0
p4167,0.0
p4168,0.0
p4169,0.0
p4170,0.0
p4171,0.0
p4172,0.0
p4173,0.0
p4194,0.0
p4195,0.0
p4196,0.0
p4197,0.0
p4198,0.0
p4199,0.0
p4200,0.0
p4202,0.0
p4205,0.0
p4206,0.0
p4207,0.0
p4208,0.0
p4209,0.0
p4210,0.0
p4211,0.0
p4212,0.0
p4213,0.0
p4214,0.0
p4215,0.0
p4216,0.0
p4217,0.0
p4221,0.0
p4222,0.0
p4223,0.0
p4330,0.0
p4331,0.0
p4332,0.0
p4334,0.0
p4335,0.0
p4336,0.0
p4337,0.0
p4338,0.0
p4339,0.0
p4340,0.0
p4341,0.0
p4342,0.0
p121,0.0
p1096,0.0
p1320,0.0
p1361,0.0
p1375,0.0
p2661,0.0
p138,0.0
p881,0.0
p1673,0.0
p1674,0.0
p1686,0.0
p1687,0.0
p1688,0.0
p1751,0.0
p1752,0.0
p1753,0.0
p1756,0.0
p1801,0.0
p1803,0.0
p1805,0.0
p1806,0.0
p1851,0.0
p1852,0.0
p2273,0.0
p2275,0.0
p2276,0.0
p2278,0.0
p2288,0.0
p2291,0.0
p2293,0.0
p3525,0.0
p4146,0.0
p4666,0.0
p4668,0.0
p4669,0.0
p4671,0.0
p4754,0.0
p4904,0.0
p4979,0.0
p4994,0.0
p5015,0.0
p5455,0.0
p93,0.0
p857,0.0
p1172,0.0
p1174,0.0
p1189,0.0
p1669,0.0
p1670,0.0
p1672,0.0
p1675,0.0
p1676,0.0
p1681,0.0
p1682,0.0
p1762,0.0
p1763,0.0
p1765,0.0
p1766,0.0
p1798,0.0
p1858,0.0
p1859,0.0
p1862,0.0
p1928,0.0
p1929,0.0
p1930,0.0
p1933,0.0
p1934,0.0
p1936,0.0
p1937,0.0
p1938,0.0
p1939,0.0
p1999,0.0
p2000,0.0
p2029,0.0
p2135,0.0
p2263,0.0
p2265,0.0
p89,0.0
p162,0.0
p173,0.0
p571,0.0
p579,0.0
p897,0.0
p900,0.0
p947,0.0
p978,0.0
p1308,0.0
p1317,0.0
p1492,0.0
p1493,0.0
p1853,0.0
p1865,0.0
p2100,0.0
p2102,0.0
p2119,0.0
p2142,0.0
p2143,0.0
p2144,0.0
p2145,0.0
p2146,0.0
p2147,0.0
p2148,0.0
p2149,0.0
p2150,0.0
p2151,0.0
p2152,0.0
p2153,0.0
p2154,0.0
p2155,0.0
p2156,0.0
p2160,0.0
p2161,0.0
p2162,0.0
p2163,0.0
p2164,0.0
p2165,0.0
p2168,0.0
p2169,0.0
p2188,0.0
p2196,0.0
p2197,0.0
p2198,0.0
p2199,0.0
p2200,0.0
p2201,0.0
p2202,0.0
p2203,0.0
p2204,0.0
p2205,0.0
p2206,0.0
p2482,0.0
p2648,0.0
p2663,0.0
p2667,0.0
p2677,0.0
p2678,0.0
p2679,0.0
p2704,0.0
p2713,0.0
p2781,0.0
p2783,0.0
p2784,0.0
p2785,0.0
p2786,0.0
p2787,0.0
p2788,0.0
p2790,0.0
p2792,0.0
p2793,0.0
p2794,0.0
p2795,0.0
p2796,0.0
p2797,0.0
p2798,0.0
p2799,0.0
p2800,0.0
p2801,0.0
p2802,0.0
p2803,0.0
p2804,0.0
p2812,0.0
p2825,0.0
p2834,0.0
p2848,0.0
p2849,0.0
p2894,0.0
p2919,0.0
p2943,0.0
p2944,0.0
p2945,0.0
p2947,0.0
p2951,0.0
p2972,0.0
p2979,0.0
p3031,0.0
p3049,0.0
p3050,0.0
p3335,0.0
p3336,0.0
p3338,0.0
p3339,0.0
p3497,0.0
p3498,0.0
p3499,0.0
p3500,0.0
p3501,0.0
p3502,0.0
p3503,0.0
p3505,0.0
p3506,0.0
p3507,0.0
p3510,0.0
p3512,0.0
p3536,0.0
p3537,0.0
p3538,0.0
p3540,0.0
p3541,0.0
p3542,0.0
p3543,0.0
p3544,0.0
p3545,0.0
p3546,0.0
p3547,0.0
p3599,0.0
p3600,0.0
p3601,0.0
p3602,0.0
p3603,0.0
p3604,0.0
p3605,0.0
p3606,0.0
p3607,0.0
p3608,0.0
p3609,0.0
p3610,0.0
p3611,0.0
p3612,0.0
p3613,0.0
p3614,0.0
p3615,0.0
p3616,0.0
p3617,0.0
p3618,0.0
p3619,0.0
p3620,0.0
p3621,0.0
p3622,0.0
p3623,0.0
p3769,0.0
p3771,0.0
p3772,0.0
p3773,0.0
p3774,0.0
p3775,0.0
p3776,0.0
p3777,0.0
p3778,0.0
p3779,0.0
p3780,0.0
p3781,0.0
p3782,0.0
p3783,0.0
p3784,0.0
p3785,0.0
p3786,0.0
p3787,0.0
p3788,0.0
p3789,0.0
p3790,0.0
p3791,0.0
p3792,0.0
p3793,0.0
p3794,0.0
p3795,0.0
p3796,0.0
p3797,0.0
p3798,0.0
p3799,0.0
p3800,0.0
p3801,0.0
p3802,0.0
p3803,0.0
p3804,0.0
p3805,0.0
p3806,0.0
p3807,0.0
p3808,0.0
p3809,0.0
p3828,0.0
p3829,0.0
p3830,0.0
p3831,0.0
p3832,0.0
p3833,0.0
p3834,0.0
p3835,0.0
p3836,0.0
p3839,0.0
p3840,0.0
p3841,0.0
p3844,0.0
p3845,0.0
p3945,0.0
p3946,0.0
p3947,0.0
p3948,0.0
p3949,0.0
p3950,0.0
p3951,0.0
p3952,0.0
p3953,0.0
p3954,0.0
p3955,0.0
p3956,0.0
p3957,0.0
p3958,0.0
p3959,0.0
p3961,0.0
p3962,0.0
p3963,0.0
p3964,0.0
p3965,0.0
p3966,0.0
p3967,0.0
p3969,0.0
p3970,0.0
p3971,0.0
p3978,0.0
p3979,0.0
p3980,0.0
p3981,0.0
p3982,0.0
p3983,0.0
p3984,0.0
p3985,0.0
p3986,0.0
p3987,0.0
p3988,0.0
p3989,0.0
p3990,0.0
p3991,0.0
p3992,0.0
p3993,0.0
p3994,0.0
p3995,0.0
p3996,0.0
p3997,0.0
p3998,0.0
p3999,0.0
p4000,0.0
p4001,0.0
p4002,0.0
p4003,0.0
p4004,0.0
p4179,0.0
p4180,0.0
p4181,0.0
p4182,0.0
p4183,0.0
p4184,0.0
p4185,0.0
p4186,0.0
p4187,0.0
p4188,0.0
p4189,0.0
p4190,0.0
p4345,0.0
p4346,0.0
p4347,0.0
p4348,0.0
p4349,0.0
p4350,0.0
p4351,0.0
p4352,0.0
p4353,0.0
p4354,0.0
p4355,0.0
p4356,0.0
p4357,0.0
p4358,0.0
p4359,0.0
p4360,0.0
p4361,0.0
p4362,0.0
p4363,0.0
p4364,0.0
p4365,0.0
p4366,0.0
p4367,0.0
p4368,0.0
p4369,0.0
p4370,0.0
p4371,0.0
p4372,0.0
p4373,0.0
p4374,0.0
p4375,0.0
p4376,0.0
p4377,0.0
p4378,0.0
p4383,0.0
p4495,0.0
p4496,0.0
p4497,0.0
p4498,0.0
p4499,0.0
p4500,0.0
p4501,0.0
p4502,0.0
p4503,0.0
p4504,0.0
p4505,0.0
p4506,0.0
p4507,0.0
p4508,0.0
p4509,0.0
p4510,0.0
p4515,0.0
p4516,0.0
p4518,0.0
p4519,0.0
p4585,0.0
p4586,0.0
p4587,0.0
p4588,0.0
p4589,0.0
p4590,0.0
p4591,0.0
p4592,0.0
p4593,0.0
p4594,0.0
p4595,0.0
p4596,0.0
p4597,0.0
p4598,0.0
p4599,0.0
p4600,0.0
p4601,0.0
p4602,0.0
p4603,0.0
p4604,0.0
p4605,0.0
p4606,0.0
p4607,0.0
p4608,0.0
p4610,0.0
p4612,0.0
p4631,0.0
p4632,0.0
p4638,0.0
p4639,0.0
p4640,0.0
p4642,0.0
p4643,0.0
p4644,0.0
p4646,0.0
p4647,0.0
p4648,0.0
p4649,0.0
p4650,0.0
p4651,0.0
p4652,0.0
p4653,0.0
p4725,0.0
p4726,0.0
p4727,0.0
p4728,0.0
p4729,0.0
p4730,0.0
p4731,0.0
p4732,0.0
p4733,0.0
p4734,0.0
p4735,0.0
p4762,0.0
p4763,0.0
p4764,0.0
p4765,0.0
p4766,0.0
p4767,0.0
p4768,0.0
p4769,0.0
p4771,0.0
p4772,0.0
p4773,0.0
p4774,0.0
p4775,0.0
p4776,0.0
p4777,0.0
p4778,0.0
p4779,0.0
p4780,0.0
p4781,0.0
p4782,0.0
p4783,0.0
p4784,0.0
p4785,0.0
p4786,0.0
p4787,0.0
p4788,0.0
p4789,0.0
p4790,0.0
p4791,0.0
p4792,0.0
p4793,0.0
p4794,0.0
p4795,0.0
p4796,0.0
p4797,0.0
p4838,0.0
p4839,0.0
p4846,0.0
p4847,0.0
p4850,0.0
p4851,0.0
p4857,0.0
p4858,0.0
p4859,0.0
p4860,0.0
p4862,0.0
p4863,0.0
p4876,0.0
p4974,0.0
p582575,0.0
p54,0.0
p508,0.0
p517,0.0
p2071,0.0
p2922,0.0
p2929,0.0
p2931,0.0
p2984,0.0
p2986,0.0
p2987,0.0
p2991,0.0
p3004,0.0
p3045,0.0
p3046,0.0
p3048,0.0
p3057,0.0
p3072,0.0
p3101,0.0
p3240,0.0
p3822,0.0
p3824,0.0
p4023,0.0
p4024,0.0
p4105,0.0
p4193,0.0
p4250,0.0
p4251,0.0
p4252,0.0
p4253,0.0
p4254,0.0
p4255,0.0
p4256,0.0
p4257,0.0
p4258,0.0
p4259,0.0
p4260,0.0
p4261,0.0
p4262,0.0
p4263,0.0
p4264,0.0
p4265,0.0
p4266,0.0
p4267,0.0
p4268,0.0
p4269,0.0
p4270,0.0
p4271,0.0
p4272,0.0
p4273,0.0
p4274,0.0
p4275,0.0
p4276,0.0
p4277,0.0
p4278,0.0
p4279,0.0
p4280,0.0
p4281,0.0
p4282,0.0
p4283,0.0
p4284,0.0
p4285,0.0
p4286,0.0
p4287,0.0
p4288,0.0
p4289,0.0
p4290,0.0
p4291,0.0
p4292,0.0
p4293,0.0
p4294,0.0
p4295,0.0
p4299,0.0
p4300,0.0
p4301,0.0
p4302,0.0
p4303,0.0
p4304,0.0
p4305,0.0
p4306,0.0
p4307,0.0
p4308,0.0
p4309,0.0
p4310,0.0
p4311,0.0
p4312,0.0
p4313,0.0
p4314,0.0
p4315,0.0
p4316,0.0
p4317,0.0
p4318,0.0
p4319,0.0
p4320,0.0
p4321,0.0
p4322,0.0
p4323,0.0
p4324,0.0
p4325,0.0
p4326,0.0
p4327,0.0
p4328,0.0
p4329,0.0
p4379,0.0
p4380,0.0
p4381,0.0
p4382,0.0
p4384,0.0
p4385,0.0
p4386,0.0
p4387,0.0
p4388,0.0
p4389,0.0
p4390,0.0
p4391,0.0
p4392,0.0
p4393,0.0
p4394,0.0
p4395,0.0
p4396,0.0
p4397,0.0
p4475,0.0
p4478,0.0
p4479,0.0
p4480,0.0
p4481,0.0
p4482,0.0
p4483,0.0
p4484,0.0
p4485,0.0
p4486,0.0
p4487,0.0
p4488,0.0
p4489,0.0
p4490,0.0
p4491,0.0
p4492,0.0
p4493,0.0
p4494,0.0
p4557,0.0
p4558,0.0
p4559,0.0
p4560,0.0
p4561,0.0
p4562,0.0
p4564,0.0
p4566,0.0
p4568,0.0
p4663,0.0
p4664,0.0
p4667,0.0
p4676,0.0
p4678,0.0
p4680,0.0
p4681,0.0
p4682,0.0
p4683,0.0
p4684,0.0
p4685,0.0
p4686,0.0
p4688,0.0
p4690,0.0
p4691,0.0
p4692,0.0
p4693,0.0
p4694,0.0
p4695,0.0
p4696,0.0
p4698,0.0
p4699,0.0
p4700,0.0
p4704,0.0
p4705,0.0
p4706,0.0
p4708,0.0
p4710,0.0
p4753,0.0
p4758,0.0
p4759,0.0
p4760,0.0
p4761,0.0
p4770,0.0
p4806,0.0
p4853,0.0
p4864,0.0
p4872,0.0
p4880,0.0
p4881,0.0
p4882,0.0
p4963,0.0
p4964,0.0
p4965,0.0
p4966,0.0
p5210,0.0
p5211,0.0
p5213,0.0
p5235,0.0
p5331,0.0
p5332,0.0
p5333,0.0
p5334,0.0
p5335,0.0
p5337,0.0
p5338,0.0
p5339,0.0
p5340,0.0
p5341,0.0
p5342,0.0
p5343,0.0
p5344,0.0
p5345,0.0
p5346,0.0
p5347,0.0
p5348,0.0
p5349,0.0
p5367,0.0
p5406,0.0
p5407,0.0
p5408,0.0
p5409,0.0
p5410,0.0
p5411,0.0
p5412,0.0
p5413,0.0
p5414,0.0
p5415,0.0
p5416,0.0
p5417,0.0
p5418,0.0
p5419,0.0
p5424,0.0
p5485,0.0
p5486,0.0
p5487,0.0
p5488,0.0
p5489,0.0
p5490,0.0
p5491,0.0
p5492,0.0
p5507,0.0
p5566,0.0
p5567,0.0
p5595,0.0
p5596,0.0
p5597,0.0
p5598,0.0
p5599,0.0
p5600,0.0
p5601,0.0
p5602,0.0
p5603,0.0
p5604,0.0
p5605,0.0
p5606,0.0
p5607,0.0
p5608,0.0
p5609,0.0
p5610,0.0
p5611,0.0
p5612,0.0
p5613,0.0
p5614,0.0
p2814,0.0
p134,0.0
p179,0.0
p405,0.0
p406,0.0
p438,0.0
p471,0.0
p483,0.0
p1593,0.0
p1613,0.0
p1614,0.0
p1615,0.0
p1616,0.0
p1617,0.0
p1618,0.0
p1619,0.0
p1620,0.0
p1621,0.0
p1685,0.0
p1767,0.0
p1768,0.0
p1769,0.0
p1770,0.0
p1771,0.0
p1772,0.0
p1773,0.0
p1774,0.0
p1775,0.0
p1776,0.0
p1777,0.0
p1778,0.0
p1779,0.0
p1780,0.0
p1782,0.0
p1783,0.0
p1784,0.0
p1785,0.0
p1786,0.0
p1787,0.0
p1788,0.0
p1789,0.0
p1790,0.0
p1791,0.0
p1792,0.0
p1804,0.0
p1821,0.0
p1823,0.0
p1824,0.0
p1825,0.0
p1831,0.0
p1833,0.0
p1841,0.0
p1844,0.0
p1845,0.0
p1849,0.0
p1867,0.0
p1868,0.0
p1869,0.0
p1872,0.0
p1875,0.0
p1883,0.0
p1907,0.0
p1909,0.0
p1915,0.0
p1919,0.0
p1967,0.0
p1968,0.0
p1969,0.0
p1970,0.0
p1971,0.0
p1972,0.0
p1973,0.0
p1974,0.0
p1975,0.0
p1976,0.0
p1977,0.0
p1978,0.0
p1979,0.0
p1980,0.0
p1981,0.0
p1982,0.0
p1983,0.0
p1984,0.0
p1985,0.0
p1986,0.0
p1987,0.0
p1988,0.0
p1989,0.0
p1990,0.0
p1991,0.0
p1992,0.0
p1993,0.0
p1994,0.0
p1995,0.0
p2192,0.0
p2388,0.0
p2392,0.0
p2393,0.0
p2394,0.0
p2395,0.0
p2397,0.0
p2401,0.0
p2403,0.0
p2405,0.0
p2655,0.0
p2681,0.0
p2683,0.0
p2684,0.0
p2817,0.0
p2818,0.0
p2819,0.0
p2820,0.0
p2821,0.0
p2830,0.0
p2842,0.0
p2844,0.0
p2845,0.0
p2846,0.0
p2851,0.0
p2853,0.0
p2854,0.0
p2858,0.0
p2860,0.0
p2861,0.0
p2872,0.0
p2874,0.0
p2878,0.0
p2884,0.0
p2887,0.0
p2888,0.0
p2889,0.0
p2891,0.0
p2893,0.0
p2895,0.0
p2896,0.0
p2898,0.0
p2899,0.0
p2901,0.0
p2902,0.0
p2916,0.0
p3008,0.0
p3009,0.0
p3011,0.0
p3012,0.0
p3013,0.0
p3014,0.0
p3015,0.0
p3016,0.0
p3022,0.0
p3110,0.0
p3115,0.0
p3116,0.0
p3117,0.0
p3118,0.0
p3119,0.0
p3122,0.0
p3150,0.0
p3151,0.0
p3155,0.0
p3156,0.0
p3159,0.0
p3160,0.0
p3198,0.0
p3206,0.0
p3208,0.0
p3230,0.0
p3231,0.0
p3232,0.0
p3233,0.0
p3234,0.0
p3237,0.0
p3238,0.0
p3241,0.0
p3245,0.0
p3248,0.0
p3251,0.0
p3252,0.0
p3253,0.0
p3254,0.0
p3261,0.0
p3267,0.0
p3268,0.0
p3270,0.0
p3272,0.0
p3273,0.0
p3278,0.0
p3279,0.0
p3280,0.0
p3285,0.0
p3305,0.0
p3307,0.0
p3308,0.0
p3314,0.0
p3315,0.0
p3318,0.0
p3321,0.0
p3322,0.0
p3323,0.0
p3325,0.0
p3326,0.0
p3327,0.0
p3329,0.0
p3356,0.0
p3357,0.0
p3368,0.0
p3369,0.0
p3370,0.0
p3371,0.0
p3372,0.0
p3373,0.0
p3374,0.0
p3375,0.0
p3376,0.0
p3377,0.0
p3378,0.0
p3379,0.0
p3380,0.0
p3381,0.0
p3382,0.0
p3383,0.0
p3384,0.0
p3385,0.0
p3386,0.0
p3387,0.0
p3388,0.0
p3389,0.0
p3390,0.0
p3391,0.0
p3392,0.0
p3393,0.0
p3394,0.0
p3395,0.0
p3396,0.0
p3397,0.0
p3398,0.0
p3399,0.0
p3400,0.0
p3401,0.0
p3402,0.0
p3403,0.0
p3404,0.0
p3405,0.0
p3406,0.0
p3407,0.0
p3418,0.0
p3419,0.0
p3420,0.0
p3421,0.0
p3422,0.0
p3423,0.0
p3424,0.0
p3425,0.0
p3426,0.0
p3427,0.0
p3428,0.0
p3429,0.0
p3430,0.0
p3432,0.0
p3433,0.0
p3434,0.0
p3435,0.0
p3436,0.0
p3437,0.0
p3440,0.0
p3441,0.0
p3442,0.0
p3443,0.0
p3444,0.0
p3445,0.0
p3446,0.0
p3447,0.0
p3448,0.0
p3449,0.0
p3450,0.0
p3451,0.0
p3452,0.0
p3453,0.0
p3454,0.0
p3455,0.0
p3456,0.0
p3457,0.0
p3458,0.0
p3459,0.0
p3460,0.0
p3461,0.0
p3462,0.0
p3463,0.0
p3464,0.0
p3465,0.0
p3466,0.0
p3467,0.0
p3469,0.0
p3470,0.0
p3471,0.0
p3472,0.0
p3473,0.0
p3474,0.0
p3475,0.0
p3476,0.0
p3477,0.0
p3478,0.0
p3479,0.0
p3480,0.0
p3481,0.0
p3482,0.0
p3483,0.0
p3484,0.0
p3485,0.0
p3486,0.0
p3487,0.0
p3488,0.0
p3489,0.0
p3490,0.0
p3491,0.0
p3492,0.0
p3493,0.0
p3494,0.0
p3562,0.0
p3563,0.0
p3564,0.0
p3565,0.0
p3566,0.0
p3567,0.0
p3568,0.0
p3569,0.0
p3570,0.0
p3571,0.0
p3572,0.0
p3573,0.0
p3574,0.0
p3575,0.0
p3576,0.0
p3577,0.0
p3578,0.0
p3579,0.0
p3580,0.0
p3581,0.0
p3582,0.0
p3583,0.0
p3584,0.0
p3585,0.0
p3586,0.0
p3587,0.0
p3588,0.0
p3589,0.0
p3590,0.0
p3591,0.0
p3624,0.0
p3625,0.0
p3626,0.0
p3627,0.0
p3628,0.0
p3629,0.0
p3630,0.0
p3631,0.0
p3632,0.0
p3633,0.0
p3634,0.0
p3635,0.0
p3636,0.0
p3637,0.0
p3638,0.0
p3639,0.0
p3640,0.0
p3641,0.0
p3642,0.0
p3643,0.0
p3644,0.0
p3645,0.0
p3646,0.0
p3647,0.0
p3648,0.0
p3649,0.0
p3650,0.0
p3651,0.0
p3652,0.0
p3653,0.0
p3654,0.0
p3655,0.0
p3656,0.0
p3657,0.0
p3658,0.0
p3659,0.0
p3660,0.0
p3661,0.0
p3663,0.0
p3664,0.0
p3665,0.0
p3666,0.0
p3667,0.0
p3668,0.0
p3669,0.0
p3670,0.0
p3671,0.0
p3672,0.0
p3673,0.0
p3674,0.0
p3675,0.0
p3676,0.0
p3677,0.0
p3678,0.0
p3679,0.0
p3680,0.0
p3681,0.0
p3682,0.0
p3683,0.0
p3684,0.0
p3685,0.0
p3686,0.0
p3687,0.0
p3688,0.0
p3689,0.0
p3690,0.0
p3691,0.0
p3692,0.0
p3693,0.0
p3694,0.0
p3695,0.0
p3696,0.0
p3697,0.0
p3698,0.0
p3699,0.0
p3700,0.0
p3701,0.0
p3702,0.0
p3703,0.0
p3704,0.0
p3705,0.0
p3706,0.0
p3707,0.0
p3708,0.0
p3709,0.0
p3710,0.0
p3711,0.0
p3712,0.0
p3713,0.0
p3714,0.0
p3715,0.0
p3716,0.0
p3717,0.0
p3718,0.0
p3719,0.0
p3720,0.0
p3721,0.0
p3722,0.0
p3723,0.0
p3724,0.0
p3725,0.0
p3726,0.0
p3727,0.0
p3728,0.0
p3729,0.0
p3730,0.0
p3731,0.0
p3732,0.0
p3733,0.0
p3734,0.0
p3735,0.0
p3736,0.0
p3737,0.0
p3738,0.0
p3739,0.0
p3740,0.0
p3741,0.0
p3742,0.0
p3743,0.0
p3744,0.0
p3745,0.0
p3746,0.0
p3747,0.0
p3748,0.0
p3749,0.0
p3750,0.0
p3751,0.0
p3752,0.0
p3753,0.0
p3754,0.0
p3755,0.0
p3756,0.0
p3757,0.0
p3758,0.0
p3759,0.0
p3761,0.0
p3762,0.0
p3763,0.0
p3764,0.0
p3766,0.0
p3767,0.0
p3768,0.0
p3837,0.0
p3838,0.0
p3842,0.0
p3843,0.0
p3846,0.0
p3847,0.0
p3848,0.0
p3849,0.0
p3850,0.0
p3851,0.0
p3852,0.0
p3853,0.0
p3854,0.0
p3855,0.0
p3857,0.0
p3858,0.0
p3859,0.0
p3860,0.0
p3861,0.0
p3862,0.0
p3863,0.0
p3864,0.0
p3866,0.0
p3867,0.0
p3868,0.0
p3869,0.0
p3870,0.0
p3872,0.0
p3873,0.0
p3874,0.0
p3875,0.0
p3877,0.0
p3878,0.0
p3879,0.0
p3880,0.0
p3881,0.0
p3882,0.0
p3883,0.0
p3884,0.0
p3885,0.0
p3886,0.0
p3887,0.0
p3888,0.0
p3889,0.0
p3890,0.0
p3891,0.0
p3892,0.0
p3893,0.0
p3894,0.0
p3895,0.0
p3896,0.0
p3897,0.0
p3898,0.0
p3899,0.0
p3900,0.0
p3901,0.0
p3902,0.0
p3903,0.0
p3904,0.0
p3905,0.0
p3906,0.0
p3907,0.0
p3908,0.0
p3909,0.0
p3910,0.0
p3911,0.0
p3912,0.0
p3913,0.0
p3914,0.0
p3915,0.0
p3917,0.0
p3918,0.0
p3919,0.0
p3920,0.0
p3921,0.0
p3922,0.0
p3923,0.0
p3924,0.0
p3925,0.0
p3926,0.0
p3927,0.0
p3928,0.0
p3929,0.0
p3930,0.0
p3931,0.0
p3932,0.0
p3933,0.0
p3934,0.0
p3935,0.0
p3936,0.0
p3937,0.0
p3938,0.0
p3939,0.0
p3940,0.0
p3941,0.0
p3942,0.0
p4050,0.0
p4051,0.0
p4055,0.0
p4057,0.0
p4058,0.0
p4060,0.0
p4061,0.0
p4062,0.0
p4063,0.0
p4064,0.0
p4065,0.0
p4066,0.0
p4067,0.0
p4068,0.0
p4069,0.0
p4070,0.0
p4071,0.0
p4072,0.0
p4074,0.0
p4075,0.0
p4078,0.0
p4079,0.0
p4080,0.0
p4081,0.0
p4082,0.0
p4085,0.0
p4086,0.0
p4087,0.0
p4089,0.0
p4119,0.0
p4138,0.0
p4139,0.0
p4220,0.0
p4224,0.0
p4225,0.0
p4237,0.0
p4238,0.0
p4239,0.0
p4241,0.0
p4242,0.0
p4243,0.0
p4409,0.0
p4412,0.0
p4421,0.0
p4422,0.0
p4423,0.0
p4424,0.0
p4425,0.0
p4426,0.0
p4427,0.0
p4428,0.0
p4429,0.0
p4430,0.0
p4431,0.0
p4432,0.0
p4433,0.0
p4434,0.0
p4435,0.0
p4436,0.0
p4437,0.0
p4438,0.0
p4439,0.0
p4440,0.0
p4441,0.0
p4442,0.0
p4443,0.0
p4444,0.0
p4445,0.0
p4446,0.0
p4447,0.0
p4448,0.0
p4449,0.0
p4450,0.0
p4451,0.0
p4452,0.0
p4453,0.0
p4454,0.0
p4455,0.0
p4456,0.0
p4457,0.0
p4458,0.0
p4459,0.0
p4460,0.0
p4461,0.0
p4462,0.0
p4463,0.0
p4464,0.0
p4465,0.0
p4466,0.0
p4467,0.0
p4468,0.0
p4469,0.0
p4470,0.0
p4471,0.0
p4472,0.0
p4473,0.0
p4474,0.0
p4524,0.0
p4526,0.0
p4528,0.0
p4529,0.0
p4530,0.0
p4531,0.0
p4533,0.0
p4534,0.0
p4548,0.0
p4549,0.0
p4569,0.0
p4570,0.0
p4571,0.0
p4572,0.0
p4574,0.0
p4575,0.0
p4576,0.0
p4577,0.0
p4578,0.0
p4579,0.0
p4580,0.0
p4581,0.0
p4583,0.0
p4624,0.0
p4625,0.0
p4627,0.0
p4629,0.0
p4672,0.0
p4673,0.0
p4675,0.0
p4677,0.0
p4679,0.0
p4714,0.0
p4715,0.0
p4716,0.0
p4717,0.0
p4718,0.0
p4721,0.0
p4814,0.0
p4815,0.0
p4816,0.0
p4817,0.0
p4818,0.0
p4819,0.0
p4823,0.0
p4824,0.0
p4825,0.0
p4826,0.0
p4827,0.0
p4828,0.0
p4829,0.0
p4830,0.0
p4831,0.0
p4832,0.0
p4833,0.0
p4834,0.0
p4835,0.0
p4836,0.0
p4840,0.0
p4841,0.0
p4843,0.0
p4844,0.0
p4845,0.0
p4887,0.0
p4888,0.0
p4889,0.0
p4890,0.0
p4891,0.0
p4895,0.0
p4896,0.0
p4899,0.0
p4909,0.0
p4913,0.0
p4915,0.0
p4916,0.0
p4917,0.0
p4918,0.0
p4919,0.0
p4920,0.0
p4939,0.0
p4940,0.0
p4942,0.0
p4949,0.0
p4950,0.0
p4951,0.0
p4952,0.0
p4953,0.0
p4954,0.0
p4955,0.0
p4956,0.0
p4957,0.0
p4958,0.0
p4959,0.0
p4960,0.0
p4961,0.0
p4997,0.0
p4998,0.0
p4999,0.0
p5000,0.0
p5001,0.0
p5003,0.0
p5004,0.0
p5007,0.0
p5061,0.0
p5063,0.0
p5081,0.0
p5152,0.0
p5153,0.0
p5154,0.0
p5155,0.0
p5156,0.0
p5157,0.0
p5158,0.0
p5159,0.0
p5160,0.0
p5161,0.0
p5162,0.0
p5163,0.0
p5164,0.0
p5373,0.0
p5374,0.0
p5375,0.0
p5376,0.0
p5378,0.0
p5379,0.0
p5380,0.0
p5389,0.0
p5390,0.0
p5392,0.0
p5394,0.0
p5395,0.0
p5396,0.0
p5398,0.0
p5399,0.0
p5495,0.0
p5496,0.0
p5498,0.0
p5499,0.0
p5500,0.0
p5501,0.0
p5502,0.0
p5503,0.0
p5662,0.0
p5663,0.0
p5664,0.0
p5665,0.0
p5666,0.0
p428204,0.0
p845145,0.0
p940274,0.0
p90,0.0
p2639,0.0
p3513,0.0
p4613,0.0
p4617,0.0
p4618,0.0
p4623,0.0
p60,0.0
p1496,0.0
p1501,0.0
p1502,0.0
p1504,0.0
p1505,0.0
p1507,0.0
p1508,0.0
p1510,0.0
p1512,0.0
p1514,0.0
p1515,0.0
p1519,0.0
p1522,0.0
p1523,0.0
p1528,0.0
p1542,0.0
p1543,0.0
p1545,0.0
p1547,0.0
p1548,0.0
p1549,0.0
p1550,0.0
p1551,0.0
p1552,0.0
p1555,0.0
p1558,0.0
p1559,0.0
p1560,0.0
p1562,0.0
p1643,0.0
p1649,0.0
p1650,0.0
p1651,0.0
p1653,0.0
p1654,0.0
p1655,0.0
p1657,0.0
p1660,0.0
p1661,0.0
p1662,0.0
p1663,0.0
p1664,0.0
p1666,0.0
p1667,0.0
p1696,0.0
p1697,0.0
p1698,0.0
p1699,0.0
p1700,0.0
p1701,0.0
p1702,0.0
p1703,0.0
p1705,0.0
p1706,0.0
p1708,0.0
p1709,0.0
p1714,0.0
p1716,0.0
p1717,0.0
p1718,0.0
p1719,0.0
p1723,0.0
p1724,0.0
p1726,0.0
p1727,0.0
p1728,0.0
p1729,0.0
p1731,0.0
p1732,0.0
p1733,0.0
p1734,0.0
p1890,0.0
p1892,0.0
p1893,0.0
p1895,0.0
p1896,0.0
p1899,0.0
p2015,0.0
p2018,0.0
p2019,0.0
p2020,0.0
p2022,0.0
p2023,0.0
p2024,0.0
p2025,0.0
p2028,0.0
p2030,0.0
p2031,0.0
p2033,0.0
p2034,0.0
p2035,0.0
p2036,0.0
p2038,0.0
p2040,0.0
p2077,0.0
p2079,0.0
p2081,0.0
p2084,0.0
p2086,0.0
p2087,0.0
p2089,0.0
p2090,0.0
p2091,0.0
p2092,0.0
p2093,0.0
p2106,0.0
p2107,0.0
p2108,0.0
p2110,0.0
p2111,0.0
p2112,0.0
p2113,0.0
p2114,0.0
p2124,0.0
p2125,0.0
p2126,0.0
p2127,0.0
p2128,0.0
p2129,0.0
p2132,0.0
p2134,0.0
p2170,0.0
p2171,0.0
p2172,0.0
p2173,0.0
p2176,0.0
u351,0.0
p3088,0.0
p883,0.0
p1001,0.0
p18,0.0
p352,0.0
p485,0.0
p486,0.0
p576,0.0
p1079,0.0
p28,0.0
p174,0.0
p295,0.0
p339,0.0
p460,0.0
p481,0.0
p845,0.0
p1090,0.0
p1091,0.0
p1093,0.0
p1094,0.0
p1099,0.0
p1113,0.0
p1117,0.0
p1261,0.0
p1303,0.0
p1382,0.0
p1432,0.0
p1434,0.0
p1436,0.0
p1471,0.0
p1472,0.0
p1474,0.0
p1494,0.0
p1735,0.0
p1737,0.0
p1926,0.0
p2305,0.0
p2306,0.0
p2307,0.0
p2308,0.0
p2309,0.0
p2310,0.0
p2408,0.0
p2414,0.0
p2415,0.0
p2418,0.0
p5474,0.0
p1371,0.0
p1799,0.0
p1920,0.0
p1921,0.0
p1922,0.0
p2120,0.0
p2122,0.0
p3068,0.0
p3089,0.0
p3090,0.0
p3092,0.0
p3112,0.0
p3113,0.0
p3123,0.0
p3144,0.0
p3176,0.0
p3177,0.0
p3187,0.0
p3188,0.0
p3193,0.0
p3204,0.0
p3207,0.0
p3211,0.0
p3212,0.0
p3213,0.0
p3214,0.0
p3225,0.0
p3226,0.0
p3242,0.0
p3255,0.0
p3256,0.0
p3257,0.0
p3258,0.0
p3259,0.0
p3264,0.0
p3265,0.0
p3287,0.0
p3289,0.0
p3291,0.0
p3292,0.0
p3296,0.0
p3297,0.0
p3298,0.0
p4040,0.0
p4045,0.0
p4046,0.0
p4048,0.0
p4053,0.0
p4054,0.0
p4333,0.0
p4343,0.0
p4539,0.0
p4542,0.0
p4544,0.0
p4546,0.0
p4550,0.0
p4551,0.0
p4553,0.0
p4555,0.0
p4582,0.0
p4584,0.0
p4621,0.0
p4946,0.0
p4968,0.0
p5127,0.0
p5149,0.0
p5165,0.0
p5166,0.0
p5167,0.0
p5214,0.0
p5215,0.0
p5216,0.0
p5217,0.0
p5218,0.0
p5232,0.0
p5239,0.0
p5240,0.0
p5241,0.0
p5242,0.0
p5252,0.0
p5253,0.0
p5254,0.0
p5264,0.0
p5265,0.0
p5273,0.0
p5279,0.0
p5280,0.0
p5281,0.0
p5282,0.0
p5287,0.0
p5308,0.0
p5312,0.0
p5328,0.0
p5329,0.0
p5330,0.0
p5352,0.0
p5356,0.0
p5358,0.0
p5360,0.0
p5371,0.0
p5377,0.0
p5381,0.0
p5382,0.0
p5383,0.0
p5386,0.0
p5393,0.0
p5397,0.0
p5422,0.0
p5423,0.0
p5441,0.0
p5442,0.0
p5446,0.0
p5457,0.0
p5458,0.0
p5459,0.0
p5534,0.0
p5535,0.0
p5536,0.0
p5537,0.0
p5539,0.0
p5543,0.0
p5544,0.0
p5545,0.0
p5546,0.0
p5547,0.0
p5550,0.0
p5551,0.0
p5575,0.0
p5588,0.0
p5589,0.0
p5590,0.0
p5591,0.0
p5592,0.0
p5593,0.0
p5594,0.0
p5623,0.0
p5624,0.0
p5631,0.0
p5658,0.0
p5659,0.0
p5660,0.0
p343581,0.0
p394670,0.0
p1153855,0.0
u368,0.0
p996,0.0
p1691,0.0
p1832,0.0
p1838,0.0
p1905,0.0
p2044,0.0
p2045,0.0
p2046,0.0
p2047,0.0
p2115,0.0
p2116,0.0
p2222,0.0
p1061,0.0
p1292,0.0
p1293,0.0
p1294,0.0
p1323,0.0
p1747,0.0
p1748,0.0
p2654,0.0
p3341,0.0
p4660,0.0
p1438,0.0
p1475,0.0
p1476,0.0
p1477,0.0
p1479,0.0
p1489,0.0
p1924,0.0
p1925,0.0
p2014,0.0
p2366,0.0
p373055,0.0
p373064,0.0
p887,0.0
p2227,0.0
p2228,0.0
u628,0.0
p336234,0.0
u635,0.0
p927,0.0
p928,0.0
p929,0.0
p930,0.0
p931,0.0
p1269,0.0
p1270,0.0
p1271,0.0
p1273,0.0
p1289,0.0
p2362,0.0
p1936174,0.0
p5538,0.0
u745,0.0
p1146,0.0
p1214,0.0
p1215,0.0
p1216,0.0
p1217,0.0
p1236,0.0
p1295,0.0
p1296,0.0
p1297,0.0
p1299,0.0
p1302,0.0
p2358,0.0
p2359,0.0
p2360,0.0
p2361,0.0
p2506,0.0
p2507,0.0
p2510,0.0
p2511,0.0
p2512,0.0
p2514,0.0
p2527,0.0
p2539,0.0
p2540,0.0
p2541,0.0
p2542,0.0
p2543,0.0
p2544,0.0
p2546,0.0
p2547,0.0
p2549,0.0
p2551,0.0
p2554,0.0
p2555,0.0
p2557,0.0
p2559,0.0
p2560,0.0
p2564,0.0
p2573,0.0
p2574,0.0
p2575,0.0
p2577,0.0
p2578,0.0
p2579,0.0
p2580,0.0
p2581,0.0
p2585,0.0
p2602,0.0
p372946,0.0
p5099,0.0
u749,0.0
p1794,0.0
p2140,0.0
p2177,0.0
p2178,0.0
p3051,0.0
p5527,0.0
p5528,0.0
p5529,0.0
p5530,0.0
p5583,0.0
p43,0.0
p4151,0.0
p4153,0.0
p1164,0.0
p2353,0.0
p2589,0.0
p153,0.0
u1083,0.0
p5586,0.0
p5467,0.0
p92,0.0
p1051,0.0
p5363,0.0
p5364,0.0
p1142,0.0
p1143,0.0
p107,0.0
p1220,0.0
p1221,0.0
p1222,0.0
p110,0.0
p3141,0.0
p372903,0.0
p2628,0.0
p1105,0.0
p2266,0.0
p2267,0.0
p2281,0.0
p2313,0.0
p2601,0.0
p5533,0.0
p5548,0.0
p251,0.0
p382344,0.0
p4654,0.0
u1841,0.0
p4344,0.0
u1898,0.0
u1925,0.0
p1160,0.0
u1955,0.0
u1992,0.0
p877,0.0
u2631,0.0
u2659,0.0
p888,0.0
p4813,0.0
p903,0.0
u2751,0.0
p958,0.0
p1068,0.0
u2893,0.0
p2806,0.0
p2808,0.0
p2809,0.0
p4935,0.0
p4937,0.0
p5098,0.0
p1036,0.0
u2997,0.0
p1038,0.0
u3007,0.0
p1053,0.0
u3009,0.0
p1198,0.0
p2279,0.0
p2314,0.0
p2462,0.0
p2463,0.0
p5532,0.0
u3217,0.0
u3564,0.0
p5541,0.0
u3818,0.0
p1150,0.0
p1155,0.0
p3221,0.0
p3224,0.0
p4926,0.0
p4927,0.0
p4928,0.0
p4929,0.0
p4930,0.0
p4931,0.0
p4932,0.0
p4933,0.0
p4934,0.0
p1689,0.0
p4924,0.0
p5461,0.0
p5462,0.0
u4515,0.0
u4558,0.0
p2056,0.0
u5055,0.0
p2186,0.0
p5438,0.0
p5440,0.0
p2282,0.0
p2489,0.0
u5206,0.0
u5208,0.0
p2424,0.0
p5552,0.0
u5975,0.0
u6196,0.0
u6366,0.0
p4107,0.0
u6512,0.0
u6546,0.0
p4713,0.0
u6640,0.0
p4922,0.0
u6643,0.0
p4925,0.0
u6710,0.0
p4995,0.0
u6774,0.0
p5094,0.0
p5201,0.0
p5251,0.0
u6999,0.0
p5484,0.0
u7005,0.0
u9971,0.0
p344059,0.0
u12848,0.0
p395031,0.0
p639592,0.0
p1113393,0.0
p595114,0.0
u21000,0.0
u21290,0.0
u21469,0.0
p372704,0.0
u21564,0.0
u22476,0.0
p1229551,0.0
u23730,0.0
